Workbook
Name Cluster_List: Lookups!$B$4:$B$18
Name Evaluator_Role_List: Lookups!$C$4:$C$12
Name High_Risk_Activity_List: Lookups!$D$4:$D$19
Name KPI_List: Lookups!$H$4:$H$18
Name Package_List: Lookups!$A$4:$A$6
Name Root_Cause_List: Lookups!$F$4:$F$14
Name Score_List: Lookups!$I$2:$I$7
Name Status_List: Lookups!$G$4:$G$7
Name Yes_No_List: Lookups!$E$4:$E$5

Sheet Instructions
A1: Saadiyat Lagoons HSE Scoring Template - Google Form Ready
A2: Use Weekly_Inspections as the response/master record after upload to Google Sheets. Users should complete only visible columns; hidden columns and dashboards update automatically.
A3: 2. Complete the visible input columns only. Hidden columns calculate automatically.
A4: 3. Score each KPI from 0 to 5. 0 = collapse of control, 5 = excellent sustained control.
A5: 4. Package and Cluster are mandatory. Contractor and responsible team auto-populate.
A6: 5. Weekly_Dashboard is for top management review. Monthly_Dashboard tracks recognition trend.
A7: 6. Gap_Analysis and CAPA_Tracker are for close-out management.

Sheet Cluster_Master
A1: Cluster Master Register
A2: Reference data used for package/cluster selection and automatic population of contractor and leadership accountability details.
A3: Package | B3: Cluster | C3: Contractor | D3: Project Director (PD) | E3: Project Manager (PM) | F3: Construction Manager (CM) | G3: HSE Manager (HSEM) | H3: Section Engineer (SE)
A4: 2 | B4: Cluster 7A | C4: TAJV | D4: Hicham Adel Narch | E4: Ghaidh Alfaour | F4: George Deeb | G4: Timur | H4: Liqat
A5: 2 | B5: Cluster 7B | C5: TAJV | D5: Hicham Adel Narch | E5: Ghaidh Alfaour | F5: George Deeb | G5: Timur | H5: Eyad
A6: 2 | B6: Cluster 8A | C6: TAJV | D6: Hicham Adel Narch | E6: Ghaidh Alfaour | F6: Mohamed Salama | G6: Timur | H6: Ahmad Adel
A7: 2 | B7: Cluster 8B | C7: TAJV | D7: Hicham Adel Narch | E7: Ghaidh Alfaour | F7: Mohamed Salama | G7: Timur | H7: Ahmad Adel
A8: 2 | B8: Cluster 8C | C8: TAJV | D8: Hicham Adel Narch | E8: Ghaidh Alfaour | F8: George Deeb | G8: Timur | H8: Ahmad Adel
A9: 2 | B9: Cluster 8D | C9: TAJV | D9: Hicham Adel Narch | E9: Ghaidh Alfaour | F9: George Deeb | G9: Timur | H9: Ahmad Adel
A10: 3 | B10: Cluster 3 | C10: INNOVO | D10: Kahtan Tikriti | E10: Aiman Abdullah | F10: Salama Al Samdy | G10: Mazen Al Atwani
A11: 3 | B11: Cluster 4 | C11: INNOVO | D11: Kahtan Tikriti | E11: Aiman Abdullah | F11: Baha Basheer | G11: Mazen Al Atwani
A12: 3 | B12: Cluster 5 | C12: INNOVO | D12: Kahtan Tikriti | E12: Michael Ghali | F12: Robair Louies | G12: Mazen Al Atwani
A13: 3 | B13: Cluster 6 | C13: INNOVO | D13: Kahtan Tikriti | E13: Michael Ghali | F13: Remon Karas | G13: Mazen Al Atwani
A14: 4 | B14: Cluster 1A | C14: TAJV | D14: Hicham Adel Narch | E14: Ghaidh Alfaour | F14: Alaa Hegab | G14: Timur Terakopov | H14: Amr Taha
A15: 4 | B15: Cluster 1B | C15: TAJV | D15: Hicham Adel Narch | E15: Ghaidh Alfaour | F15: Hossam Ali Maher | G15: Timur Terakopov | H15: Md Ramadan / Osama Said
A16: 4 | B16: Cluster 2A | C16: TAJV | D16: Hicham Adel Narch | E16: Ghaidh Alfaour | F16: Ahmed Salah Hassan Dewidar | G16: Timur Terakopov | H16: Rami Issa
A17: 4 | B17: Cluster 2B | C17: TAJV | D17: Hicham Adel Narch | E17: Ghaidh Alfaour | F17: Ahmed Salah Hassan Dewidar | G17: Timur Terakopov | H17: Rami Issa
A18: 4 | B18: Cluster 2C | C18: TAJV | D18: Hicham Adel Narch | E18: Ghaidh Alfaour | F18: Ahmed Salah Hassan Dewidar | G18: Timur Terakopov | H18: Salah Nayef

Sheet Lookups
A1: Lookup Lists | I1: Score_List
A2: Lists used for dropdowns in the Weekly_Inspections and CAPA_Tracker sheets. | I2: 0
A3: Package_List | B3: Cluster_List | C3: Evaluator_Role_List | D3: High_Risk_Activity_List | E3: Yes_No_List | F3: Root_Cause_List | G3: Status_List | H3: KPI_List | I3: 1
A4: 2 | B4: Cluster 7A | C4: Project Director | D4: Work at Height | E4: YES | F4: Leadership failure | G4: Open | H4: Work at Height Control | I4: 2
A5: 3 | B5: Cluster 7B | C5: Project Manager | D5: Edge Protection | E5: NO | F5: Poor supervision | G5: In Progress | H5: Edge Protection | I5: 3
A6: 4 | B6: Cluster 8A | C6: Construction Manager | D6: Falling Objects | F6: Poor planning | G6: Closed | H6: Falling Object Prevention | I6: 4
B7: Cluster 8B | C7: HSE Manager | D7: Excavation | F7: PTW failure | G7: On Hold | H7: Excavation Safety | I7: 5
B8: Cluster 8C | C8: Section Engineer | D8: Scaffolding | F8: Weak MSRA | H8: Scaffolding Compliance
B9: Cluster 8D | C9: QA/QC | D9: Permit to Work | F9: Poor subcontractor control | H9: PTW Implementation
B10: Cluster 3 | C10: KEO | D10: MSRA / Risk Assessment | F10: Resource constraint | H10: PTW Field Verification
B11: Cluster 4 | C11: Client | D11: Lifting Operations | F11: Inadequate competence | H11: MSRA Quality
B12: Cluster 5 | C12: Other | D12: Traffic Management | F12: Poor housekeeping culture | H12: Lifting Operations
B13: Cluster 6 | D13: Housekeeping | F13: Interface / simultaneous activity conflict | H13: Traffic & Man-Machine Interface
B14: Cluster 1A | D14: Waste Management | F14: Other | H14: Housekeeping Standard
B15: Cluster 1B | D15: Fire Readiness | H15: Waste Management
B16: Cluster 2A | D16: Electrical Safety | H16: Fire Readiness
B17: Cluster 2B | D17: Portable Power Tools | H17: Supervision & Subcontractor Control
B18: Cluster 2C | D18: Heat Stress | H18: Temporary Electrical & Tool Safety
D19: Other

Sheet KPI_Weights
A1: KPI Weights and Gate Rules
A2: Weights sum to 100%. Critical gate KPIs trigger a red flag if scored 0 or 1 in any inspection.
A3: KPI | B3: Weight | C3: Critical Gate KPI? | D3: Notes
A4: Work at Height Control | B4: 0.12 | C4: YES | D4: Primary fall prevention and work at height control
A5: Edge Protection | B5: 0.12 | C5: NO | D5: Continuity and quality of edge protection
A6: Falling Object Prevention | B6: 0.05 | C6: NO | D6: Exclusion zones, toe boards, debris/tool control
A7: Excavation Safety | B7: 0.08 | C7: YES | D7: Barricading, access, services, support, spoil setback
A8: Scaffolding Compliance | B8: 0.1 | C8: YES | D8: Tagging, inspection, full planking, access, stability
A9: PTW Implementation | B9: 0.08 | C9: YES | D9: Valid PTW, correct scope, signatories, controls
A10: PTW Field Verification | B10: 0.06 | C10: NO | D10: Physical field verification before permit approval
A11: MSRA Quality | B11: 0.03 | C11: NO | D11: Task-specific risk assessment and understanding
A12: Lifting/Precast Installation | B12: 0.1 | C12: YES | D12: Lift plan, appointed person, exclusion, rigging
A13: Traffic & Man-Machine Interface | B13: 0.06 | C13: NO | D13: Pedestrian segregation, routes, signage, reversing
A14: Housekeeping/Waste Management | B14: 0.03 | C14: NO | D14: Cleanliness, stacking, access routes, slip/trip control
A15: Welfare Arrangement | B15: 0.03 | C15: NO | D15: Segregation, storage, transfer/disposal control
... A18: Temporary Electrical & Tool Safety | B18: 0.06 | C18: NO | D18: Temporary power, RCD, condition of tools/cables
A20: Total | B20: =SUM(B4:B18) -> 1

Sheet Weekly_Inspections
A1: Weekly Inspection Entry Sheet - Google Form Ready
A2: Complete only visible fields. Use the 0-5 dropdown for each KPI. Package and Cluster auto-fill contractor leadership and the dashboard updates automatically.
A3: Inspection_ID | B3: Inspection_Date | C3: Week_No | E3: Month | F3: Package | G3: Cluster | H3: Package_Cluster_Check | I3: Contractor | J3: Project Director (PD) | K3: Project Manager (PM) | L3: Construction Manager (CM) | M3: HSE Manager (HSEM) | N3: Section Engineer (SE) | O3: Your_Name | P3: Your_Role | Q3: Area_or_Villa | R3: Workers_Observed | S3: Main_High_Risk_Activity | T3: Stop_Work | U3: Work_at_Height | V3: Edge_Protection | W3: Falling_Object_Prevention | X3: Excavation_Safety | Y3: Scaffolding_Compliance | Z3: PTW_Implementation | AA3: PTW_Field_Verification | AB3: MSRA_Quality | AC3: Lifting/Precast Installation | AD3: Traffic_Interface | AE3: Housekeeping/Waste Management | AF3: Welfare Arrangement | AG3: Fire_Readiness | AH3: Supervision_Subcontractor | AI3: Electrical_Tool_Safety | AJ3: Total_Score | AK3: Raw_Score_% | AL3: Weighted_Score_% | AM3: Critical_Red_Flag | AN3: Award_Eligible | AO3: Rating_Band | AP3: Repeat_Issue_Seen | AQ3: Likely_Root_Cause | AR3: Top_3_Gaps_Observed | AS3: Immediate_Action_Taken | AT3: Preventive_Action_Required | AU3: Positive_Observations | AV3: Action_Owner | AW3: Target_Closeout_Date | AX3: Evidence_Link_or_Photo | AY3: KPI_for_PD_Attention | AZ3: KPI_for_PM_Attention | BA3: KPI_for_CM_Attention | BB3: KPI_for_HSEM_Followup | BC3: KPI_for_SE_Supervision | BD3: Leadership_Visible_Effective | BE3: Unsafe_Work_Corrected_Immediately | BF3: Best_Improved_Cluster_this_Week | BG3: Cluster_Needing_Immediate_Intervention
A4: =IF($B4="","",TEXT($B4,"yyyymmdd")&"-"&SUBSTITUTE($G4," ","")&"-"&TEXT(COUNTIF($G$4:G4,$G4),"00")) -> 20260326-Cluster2C-01 | B4: 46107 | C4: =IF($B4="","",WEEKNUM($B4,2)) -> 13 | E4: =IF($B4="","",TEXT($B4,"yyyy-mm")) -> 2026-03 | F4: 4 | G4: Cluster 2C | H4: =IF(OR($F4="",$G4=""),"",IFERROR(IF($F4=INDEX(Cluster_Master!$A$4:$A$18,MATCH($G4,Cluster_Master!$B$4:$B$18,0)),"OK","CHECK"),"CHECK")) -> OK | I4: =IFERROR(INDEX(Cluster_Master!$C$4:$C$18,MATCH($G4,Cluster_Master!$B$4:$B$18,0)),"") -> TAJV | J4: =IFERROR(INDEX(Cluster_Master!$D$4:$D$18,MATCH($G4,Cluster_Master!$B$4:$B$18,0)),"") -> Hicham Adel Narch | K4: =IFERROR(INDEX(Cluster_Master!$E$4:$E$18,MATCH($G4,Cluster_Master!$B$4:$B$18,0)),"") -> Ghaidh Alfaour | L4: =IFERROR(INDEX(Cluster_Master!$F$4:$F$18,MATCH($G4,Cluster_Master!$B$4:$B$18,0)),"") -> Ahmed Salah Hassan Dewidar | M4: =IFERROR(INDEX(Cluster_Master!$G$4:$G$18,MATCH($G4,Cluster_Master!$B$4:$B$18,0)),"") -> Timur Terakopov | N4: =IFERROR(INDEX(Cluster_Master!$H$4:$H$18,MATCH($G4,Cluster_Master!$B$4:$B$18,0)),"") -> Salah Nayef | O4: Godwin | P4: KEO | Q4: Villa 8 to 16 | S4: Work at Height | T4: YES | U4: 2 | V4: 2 | W4: 3 | X4: 3 | Y4: 2 | Z4: 3 | AA4: 1 | AB4: 3 | AD4: 3 | AE4: 1 | AF4: 1 | AG4: 2 | AH4: 1 | AI4: 2 | AJ4: =IF(COUNTA(U4:AI4)=0,"",SUM(U4:AI4)) -> 29 | AK4: =IF(COUNTA(U4:AI4)=0,"",AJ4/75) -> 0.38666667 | AL4: =IF(COUNTA(U4:AI4)=0,"",(SUM(U4*KPI_Weights!$B$4,V4*KPI_Weights!$B$5,W4*KPI_Weights!$B$6,X4*KPI_Weights!$B$7,Y4*KPI_Weights!$B$8,Z4*KPI_Weights!$B$9,AA4*KPI_Weights!$B$10,AB4*KPI_Weights!$B$11,AC4*KPI_Weights!$B$12,AD4*KPI_Weights!$B$13,AE4*KPI_Weights!$B$14,AF4*KPI_Weights!$B$15,AG4*KPI_Weights!$B$16,AH4*KPI_Weights!$B$17,AI4*KPI_Weights!$B$18))/5) -> 0.39 | AM4: =IF(COUNTA(U4:AI4)=0,"",IF(OR(U4<=1,X4<=1,Y4<=1,Z4<=1,AC4<=1),"YES","NO")) -> YES | AN4: =IF(AK4="","",IF(AND(AM4="NO",AK4>=0.75),"YES","NO")) -> NO | AO4: =IF(AK4="","",IF(AK4<0.4,"Critical",IF(AK4<0.6,"Poor",IF(AK4<0.75,"Needs Improvement",IF(AK4<0.9,"Good","Excellent"))))) -> Critical | AP4: YES | AQ4: Leadership failure | AR4: 1. Leadership failure 2. Poor supervision 3. Poor sub-contractor control 4. PTW failure | AS4: Unsafe work practices were suspended immediately. The CM of the cluster was called but he refused to visit the location. | AT4: 1. PTW must be controlled by the main contractor. 2. Close supervision of sub-contractors by main contractor shall be ensured. 3. Non-performing subcontractors shall not be paid and shall be removed from project. 4. Non-performing construction team shall be replaced without delays | AV4: 1-3rd recommendation by the cluster CM 4th recommendation by the PD. | AW4: 46114
A5: =IF($B5="","",TEXT($B5,"yyyymmdd")&"-"&SUBSTITUTE($G5," ","")&"-"&TEXT(COUNTIF($G$4:G5,$G5),"00")) -> 20260326-Cluster8A-01 | B5: 46107 | C5: =IF($B5="","",WEEKNUM($B5,2)) -> 13 | E5: =IF($B5="","",TEXT($B5,"yyyy-mm")) -> 2026-03 | F5: 2 | G5: Cluster 8A | H5: =IF(OR($F5="",$G5=""),"",IFERROR(IF($F5=INDEX(Cluster_Master!$A$4:$A$18,MATCH($G5,Cluster_Master!$B$4:$B$18,0)),"OK","CHECK"),"CHECK")) -> OK | I5: =IFERROR(INDEX(Cluster_Master!$C$4:$C$18,MATCH($G5,Cluster_Master!$B$4:$B$18,0)),"") -> TAJV | J5: =IFERROR(INDEX(Cluster_Master!$D$4:$D$18,MATCH($G5,Cluster_Master!$B$4:$B$18,0)),"") -> Hicham Adel Narch | K5: =IFERROR(INDEX(Cluster_Master!$E$4:$E$18,MATCH($G5,Cluster_Master!$B$4:$B$18,0)),"") -> Ghaidh Alfaour | L5: =IFERROR(INDEX(Cluster_Master!$F$4:$F$18,MATCH($G5,Cluster_Master!$B$4:$B$18,0)),"") -> Mohamed Salama | M5: =IFERROR(INDEX(Cluster_Master!$G$4:$G$18,MATCH($G5,Cluster_Master!$B$4:$B$18,0)),"") -> Timur | N5: =IFERROR(INDEX(Cluster_Master!$H$4:$H$18,MATCH($G5,Cluster_Master!$B$4:$B$18,0)),"") -> Ahmad Adel | O5: Godwin | P5: KEO | Q5: General | S5: Scaffolding | T5: NO | U5: 4 | V5: 4 | W5: 4 | X5: 4 | Y5: 4 | Z5: 4 | AA5: 4 | AB5: 4 | AC5: 4 | AD5: 4 | AE5: 4 | AF5: 3 | AG5: 4 | AH5: 4 | AI5: 4 | AJ5: =IF(COUNTA(U5:AI5)=0,"",SUM(U5:AI5)) -> 59 | AK5: =IF(COUNTA(U5:AI5)=0,"",AJ5/75) -> 0.78666667 | AL5: =IF(COUNTA(U5:AI5)=0,"",(SUM(U5*KPI_Weights!$B$4,V5*KPI_Weights!$B$5,W5*KPI_Weights!$B$6,X5*KPI_Weights!$B$7,Y5*KPI_Weights!$B$8,Z5*KPI_Weights!$B$9,AA5*KPI_Weights!$B$10,AB5*KPI_Weights!$B$11,AC5*KPI_Weights!$B$12,AD5*KPI_Weights!$B$13,AE5*KPI_Weights!$B$14,AF5*KPI_Weights!$B$15,AG5*KPI_Weights!$B$16,AH5*KPI_Weights!$B$17,AI5*KPI_Weights!$B$18))/5) -> 0.794 | AM5: =IF(COUNTA(U5:AI5)=0,"",IF(OR(U5<=1,X5<=1,Y5<=1,Z5<=1,AC5<=1),"YES","NO")) -> NO | AN5: =IF(AK5="","",IF(AND(AM5="NO",AK5>=0.75),"YES","NO")) -> YES | AO5: =IF(AK5="","",IF(AK5<0.4,"Critical",IF(AK5<0.6,"Poor",IF(AK5<0.75,"Needs Improvement",IF(AK5<0.9,"Good","Excellent"))))) -> Good | AP5: NO | AQ5: Other | AR5: No significant gap observed | AS5: The team was commended for their visible leadership in driving transformation at Cluster 8A. | AT5: The Construction Manager and his team were advised to ensure that sub-contractors do not mess up with their site. The following advise was given: 1. No payment for work if site condition is below the acceptable standard. 2. Close supervision of sub-contractors by the construction team of the main contractor. 3. Housekeeping shall be maintined for all shift. 4. Provide a temporary storage area for waste for each villa. 5. PTW shall remain under the control of the main contractor. | AV5: Construction Manager of Cluster 8A HSE Manager of TAJV | AW5: 46121
A6: SIDP3-BW-KEO-ZZ-ZZ-XX-RP-HS-00158 | B6: 46115 | C6: =IF($B6="","",WEEKNUM($B6,2)) -> 14 | E6: =IF($B6="","",TEXT($B6,"yyyy-mm")) -> 2026-04 | F6: 3 | G6: Cluster 4 | H6: =IF(OR($F6="",$G6=""),"",IFERROR(IF($F6=INDEX(Cluster_Master!$A$4:$A$18,MATCH($G6,Cluster_Master!$B$4:$B$18,0)),"OK","CHECK"),"CHECK")) -> OK | I6: =IFERROR(INDEX(Cluster_Master!$C$4:$C$18,MATCH($G6,Cluster_Master!$B$4:$B$18,0)),"") -> INNOVO | J6: =IFERROR(INDEX(Cluster_Master!$D$4:$D$18,MATCH($G6,Cluster_Master!$B$4:$B$18,0)),"") -> Kahtan Tikriti | K6: =IFERROR(INDEX(Cluster_Master!$E$4:$E$18,MATCH($G6,Cluster_Master!$B$4:$B$18,0)),"") -> Aiman Abdullah | L6: =IFERROR(INDEX(Cluster_Master!$F$4:$F$18,MATCH($G6,Cluster_Master!$B$4:$B$18,0)),"") -> Baha Basheer | M6: =IFERROR(INDEX(Cluster_Master!$G$4:$G$18,MATCH($G6,Cluster_Master!$B$4:$B$18,0)),"") -> Mazen Al Atwani | N6: =IFERROR(INDEX(Cluster_Master!$H$4:$H$18,MATCH($G6,Cluster_Master!$B$4:$B$18,0)),"") -> 0 | O6: Shakir | P6: KEO | Q6: villa 65,68 | S6: Edge Protection | T6: YES | U6: 3 | V6: 3 | W6: 4 | X6: na | Y6: 4 | Z6: 3 | AA6: 3 | AB6: 4 | AC6: 3 | AD6: 4 | AE6: 2 | AF6: 4 | AG6: 4 | AH6: 3 | AI6: 3 | AJ6: =IF(COUNTA(U6:AI6)=0,"",SUM(U6:AI6)) -> 47 | AK6: =IF(COUNTA(U6:AI6)=0,"",AJ6/75) -> 0.62666667 | AL6: =IF(COUNTA(U6:AI6)=0,"",(SUM(U6*KPI_Weights!$B$4,V6*KPI_Weights!$B$5,W6*KPI_Weights!$B$6,X6*KPI_Weights!$B$7,Y6*KPI_Weights!$B$8,Z6*KPI_Weights!$B$9,AA6*KPI_Weights!$B$10,AB6*KPI_Weights!$B$11,AC6*KPI_Weights!$B$12,AD6*KPI_Weights!$B$13,AE6*KPI_Weights!$B$14,AF6*KPI_Weights!$B$15,AG6*KPI_Weights!$B$16,AH6*KPI_Weights!$B$17,AI6*KPI_Weights!$B$18))/5) -> #VALUE! | AM6: =IF(COUNTA(U6:AI6)=0,"",IF(OR(U6<=1,X6<=1,Y6<=1,Z6<=1,AC6<=1),"YES","NO")) -> NO | AN6: =IF(AK6="","",IF(AND(AM6="NO",AK6>=0.75),"YES","NO")) -> NO | AO6: =IF(AK6="","",IF(AK6<0.4,"Critical",IF(AK6<0.6,"Poor",IF(AK6<0.75,"Needs Improvement",IF(AK6<0.9,"Good","Excellent"))))) -> Needs Improvement | AP6: YES | AQ6: Poor supervision | AR6: 1. Leadership failure 2. Poor supervision 3. Poor sub-contractor control 4. PTW failure | AS6: stopped the unsafe activities , called the area engineer to the location discuss about the corrective and preventive actions | AT6: conduct coordination meetings , provide adequate facilities for waste collection | AV6: Construction Manager Cluster 04 | AW6: 46122 | AX6: uploaded on Asite
A7: SIDP3-BW-KEO-ZZ-ZZ-XX-RP-HS-00159 | B7: 46116 | C7: =IF($B7="","",WEEKNUM($B7,2)) -> 14 | E7: =IF($B7="","",TEXT($B7,"yyyy-mm")) -> 2026-04 | F7: 3 | G7: Cluster 5 | H7: =IF(OR($F7="",$G7=""),"",IFERROR(IF($F7=INDEX(Cluster_Master!$A$4:$A$18,MATCH($G7,Cluster_Master!$B$4:$B$18,0)),"OK","CHECK"),"CHECK")) -> OK | I7: =IFERROR(INDEX(Cluster_Master!$C$4:$C$18,MATCH($G7,Cluster_Master!$B$4:$B$18,0)),"") -> INNOVO | J7: =IFERROR(INDEX(Cluster_Master!$D$4:$D$18,MATCH($G7,Cluster_Master!$B$4:$B$18,0)),"") -> Kahtan Tikriti | K7: =IFERROR(INDEX(Cluster_Master!$E$4:$E$18,MATCH($G7,Cluster_Master!$B$4:$B$18,0)),"") -> Michael Ghali | L7: =IFERROR(INDEX(Cluster_Master!$F$4:$F$18,MATCH($G7,Cluster_Master!$B$4:$B$18,0)),"") -> Robair Louies | M7: =IFERROR(INDEX(Cluster_Master!$G$4:$G$18,MATCH($G7,Cluster_Master!$B$4:$B$18,0)),"") -> Mazen Al Atwani | N7: =IFERROR(INDEX(Cluster_Master!$H$4:$H$18,MATCH($G7,Cluster_Master!$B$4:$B$18,0)),"") -> 0 | O7: Shakir | P7: KEO | Q7: cluster 05B villa 276 | S7: Edge Protection | T7: NO | U7: 2 | V7: 2 | W7: 3 | X7: 3 | Y7: 4 | Z7: 4 | AA7: 3.5 | AB7: 4 | AC7: 4 | AD7: 3 | AE7: 3 | AF7: 4 | AG7: 3 | AH7: 3 | AI7: 3 | AJ7: =IF(COUNTA(U7:AI7)=0,"",SUM(U7:AI7)) -> 48.5 | AK7: =IF(COUNTA(U7:AI7)=0,"",AJ7/75) -> 0.64666667 | AL7: =IF(COUNTA(U7:AI7)=0,"",(SUM(U7*KPI_Weights!$B$4,V7*KPI_Weights!$B$5,W7*KPI_Weights!$B$6,X7*KPI_Weights!$B$7,Y7*KPI_Weights!$B$8,Z7*KPI_Weights!$B$9,AA7*KPI_Weights!$B$10,AB7*KPI_Weights!$B$11,AC7*KPI_Weights!$B$12,AD7*KPI_Weights!$B$13,AE7*KPI_Weights!$B$14,AF7*KPI_Weights!$B$15,AG7*KPI_Weights!$B$16,AH7*KPI_Weights!$B$17,AI7*KPI_Weights!$B$18))/5) -> 0.626 | AM7: =IF(COUNTA(U7:AI7)=0,"",IF(OR(U7<=1,X7<=1,Y7<=1,Z7<=1,AC7<=1),"YES","NO")) -> NO | AN7: =IF(AK7="","",IF(AND(AM7="NO",AK7>=0.75),"YES","NO")) -> NO | AO7: =IF(AK7="","",IF(AK7<0.4,"Critical",IF(AK7<0.6,"Poor",IF(AK7<0.75,"Needs Improvement",IF(AK7<0.9,"Good","Excellent"))))) -> Needs Improvement | AP7: YES | AQ7: Poor subcontractor control | AR7: 1. Leadership failure 2. Poor supervision 3. Poor sub-contractor control 4. PTW failure | AS7: stopped the unsafe activities , called the area engineer to the location discuss about the corrective and preventive actions | AT7: conduct coordination meetings , provide adequate facilities for waste collection | AV7: Construciton manager | AW7: 46121 | AX7: Upload on Asite
A8: SIDP3-BW-KEO-ZZ-ZZ-XX-RP-HS-00160 | B8: 46116 | C8: =IF($B8="","",WEEKNUM($B8,2)) -> 14 | E8: =IF($B8="","",TEXT($B8,"yyyy-mm")) -> 2026-04 | F8: 3 | G8: Cluster 6 | H8: =IF(OR($F8="",$G8=""),"",IFERROR(IF($F8=INDEX(Cluster_Master!$A$4:$A$18,MATCH($G8,Cluster_Master!$B$4:$B$18,0)),"OK","CHECK"),"CHECK")) -> OK | I8: =IFERROR(INDEX(Cluster_Master!$C$4:$C$18,MATCH($G8,Cluster_Master!$B$4:$B$18,0)),"") -> INNOVO | J8: =IFERROR(INDEX(Cluster_Master!$D$4:$D$18,MATCH($G8,Cluster_Master!$B$4:$B$18,0)),"") -> Kahtan Tikriti | K8: =IFERROR(INDEX(Cluster_Master!$E$4:$E$18,MATCH($G8,Cluster_Master!$B$4:$B$18,0)),"") -> Michael Ghali | L8: =IFERROR(INDEX(Cluster_Master!$F$4:$F$18,MATCH($G8,Cluster_Master!$B$4:$B$18,0)),"") -> Remon Karas | M8: =IFERROR(INDEX(Cluster_Master!$G$4:$G$18,MATCH($G8,Cluster_Master!$B$4:$B$18,0)),"") -> Mazen Al Atwani | N8: =IFERROR(INDEX(Cluster_Master!$H$4:$H$18,MATCH($G8,Cluster_Master!$B$4:$B$18,0)),"") -> 0 | O8: Shakir | P8: KEO | Q8: cluster 06 block 02 | S8: Edge Protection | T8: NO | U8: 4 | V8: 5 | W8: 1 | X8: 1 | Y8: 4 | Z8: 3 | AA8: 3 | AB8: 4 | AC8: 1 | AD8: 1 | AE8: 3 | AF8: 3 | AG8: 5 | AH8: 5 | AI8: 5 | AJ8: =IF(COUNTA(U8:AI8)=0,"",SUM(U8:AI8)) -> 48 | AK8: =IF(COUNTA(U8:AI8)=0,"",AJ8/75) -> 0.64 | AL8: =IF(COUNTA(U8:AI8)=0,"",(SUM(U8*KPI_Weights!$B$4,V8*KPI_Weights!$B$5,W8*KPI_Weights!$B$6,X8*KPI_Weights!$B$7,Y8*KPI_Weights!$B$8,Z8*KPI_Weights!$B$9,AA8*KPI_Weights!$B$10,AB8*KPI_Weights!$B$11,AC8*KPI_Weights!$B$12,AD8*KPI_Weights!$B$13,AE8*KPI_Weights!$B$14,AF8*KPI_Weights!$B$15,AG8*KPI_Weights!$B$16,AH8*KPI_Weights!$B$17,AI8*KPI_Weights!$B$18))/5) -> 0.638 | AM8: =IF(COUNTA(U8:AI8)=0,"",IF(OR(U8<=1,X8<=1,Y8<=1,Z8<=1,AC8<=1),"YES","NO")) -> YES | AN8: =IF(AK8="","",IF(AND(AM8="NO",AK8>=0.75),"YES","NO")) -> NO | AO8: =IF(AK8="","",IF(AK8<0.4,"Critical",IF(AK8<0.6,"Poor",IF(AK8<0.75,"Needs Improvement",IF(AK8<0.9,"Good","Excellent"))))) -> Needs Improvement | AP8: YES | AQ8: Poor supervision | AR8: 1. Leadership failure 2. Poor supervision 3. Poor sub-contractor control 4. PTW failure | AS8: stopped the unsafe activities , called the area engineer to the location discuss about the corrective and preventive actions | AT8: conduct coordination meetings , provide adequate facilities for waste collection | AV8: Construction Manager | AW8: 46123 | AX8: uploaded on Asite
A9: =IF($B9="","",TEXT($B9,"yyyymmdd")&"-"&SUBSTITUTE($G9," ","")&"-"&TEXT(COUNTIF($G$4:G9,$G9),"00")) -> 20260403-Cluster3-01 | B9: 46115 | C9: =IF($B9="","",WEEKNUM($B9,2)) -> 14 | E9: =IF($B9="","",TEXT($B9,"yyyy-mm")) -> 2026-04 | F9: 3 | G9: Cluster 3 | H9: =IF(OR($F9="",$G9=""),"",IFERROR(IF($F9=INDEX(Cluster_Master!$A$4:$A$18,MATCH($G9,Cluster_Master!$B$4:$B$18,0)),"OK","CHECK"),"CHECK")) -> OK | I9: =IFERROR(INDEX(Cluster_Master!$C$4:$C$18,MATCH($G9,Cluster_Master!$B$4:$B$18,0)),"") -> INNOVO | J9: =IFERROR(INDEX(Cluster_Master!$D$4:$D$18,MATCH($G9,Cluster_Master!$B$4:$B$18,0)),"") -> Kahtan Tikriti | K9: =IFERROR(INDEX(Cluster_Master!$E$4:$E$18,MATCH($G9,Cluster_Master!$B$4:$B$18,0)),"") -> Aiman Abdullah | L9: =IFERROR(INDEX(Cluster_Master!$F$4:$F$18,MATCH($G9,Cluster_Master!$B$4:$B$18,0)),"") -> Salama Al Samdy | M9: =IFERROR(INDEX(Cluster_Master!$G$4:$G$18,MATCH($G9,Cluster_Master!$B$4:$B$18,0)),"") -> Mazen Al Atwani | N9: =IFERROR(INDEX(Cluster_Master!$H$4:$H$18,MATCH($G9,Cluster_Master!$B$4:$B$18,0)),"") -> 0 | O9: Shinoj M | P9: KEO | Q9: villa 99-110 & 16 axis | S9: Edge Protection | T9: NO | U9: 4 | V9: 3 | W9: 3 | X9: 3 | Y9: 3 | Z9: 3 | AA9: 3 | AB9: 4 | AC9: 3 | AD9: 2 | AE9: 2 | AF9: 4 | AG9: 4 | AH9: 3 | AI9: 3 | AJ9: =IF(COUNTA(U9:AI9)=0,"",SUM(U9:AI9)) -> 47 | AK9: =IF(COUNTA(U9:AI9)=0,"",AJ9/75) -> 0.62666667 | AL9: =IF(COUNTA(U9:AI9)=0,"",(SUM(U9*KPI_Weights!$B$4,V9*KPI_Weights!$B$5,W9*KPI_Weights!$B$6,X9*KPI_Weights!$B$7,Y9*KPI_Weights!$B$8,Z9*KPI_Weights!$B$9,AA9*KPI_Weights!$B$10,AB9*KPI_Weights!$B$11,AC9*KPI_Weights!$B$12,AD9*KPI_Weights!$B$13,AE9*KPI_Weights!$B$14,AF9*KPI_Weights!$B$15,AG9*KPI_Weights!$B$16,AH9*KPI_Weights!$B$17,AI9*KPI_Weights!$B$18))/5) -> 0.628 | AM9: =IF(COUNTA(U9:AI9)=0,"",IF(OR(U9<=1,X9<=1,Y9<=1,Z9<=1,AC9<=1),"YES","NO")) -> NO | AN9: =IF(AK9="","",IF(AND(AM9="NO",AK9>=0.75),"YES","NO")) -> NO | AO9: =IF(AK9="","",IF(AK9<0.4,"Critical",IF(AK9<0.6,"Poor",IF(AK9<0.75,"Needs Improvement",IF(AK9<0.9,"Good","Excellent"))))) -> Needs Improvement | AP9: YES | AQ9: Poor planning | AR9: 1. Leadership failure 2. Poor supervision 3. Poor sub-contractor control | AS9: stopped the unsafe activities , called the area engineer to the location discuss about the corrective and preventive actions | AT9: conduct coordination meetings , provide adequate facilities for waste collection | AV9: Project engineer construction manager | AX9: Asite Reff provided
A10: SIDPW-BW-KEO-ZZ-ZZ-XX-RP-HS-00196 | B10: 46114 | C10: =IF($B10="","",WEEKNUM($B10,2)) -> 14 | E10: =IF($B10="","",TEXT($B10,"yyyy-mm")) -> 2026-04 | F10: 2 | G10: Cluster 7A | H10: =IF(OR($F10="",$G10=""),"",IFERROR(IF($F10=INDEX(Cluster_Master!$A$4:$A$18,MATCH($G10,Cluster_Master!$B$4:$B$18,0)),"OK","CHECK"),"CHECK")) -> OK | I10: =IFERROR(INDEX(Cluster_Master!$C$4:$C$18,MATCH($G10,Cluster_Master!$B$4:$B$18,0)),"") -> TAJV | J10: =IFERROR(INDEX(Cluster_Master!$D$4:$D$18,MATCH($G10,Cluster_Master!$B$4:$B$18,0)),"") -> Hicham Adel Narch | K10: =IFERROR(INDEX(Cluster_Master!$E$4:$E$18,MATCH($G10,Cluster_Master!$B$4:$B$18,0)),"") -> Ghaidh Alfaour | L10: =IFERROR(INDEX(Cluster_Master!$F$4:$F$18,MATCH($G10,Cluster_Master!$B$4:$B$18,0)),"") -> George Deeb | M10: =IFERROR(INDEX(Cluster_Master!$G$4:$G$18,MATCH($G10,Cluster_Master!$B$4:$B$18,0)),"") -> Timur | N10: =IFERROR(INDEX(Cluster_Master!$H$4:$H$18,MATCH($G10,Cluster_Master!$B$4:$B$18,0)),"") -> Liqat | O10: Jackson | P10: KEO | Q10: General | S10: Edge Protection | T10: YES | U10: 3 | V10: 3 | W10: 1 | X10: NA | Y10: 2.5 | Z10: 2 | AA10: 1 | AB10: 4 | AC10: 2 | AD10: 4 | AE10: 2 | AF10: 4 | AG10: 2 | AH10: 1 | AI10: 2 | AJ10: =IF(COUNTA(U10:AI10)=0,"",SUM(U10:AI10)) -> 33.5 | AK10: =IF(COUNTA(U10:AI10)=0,"",AJ10/75) -> 0.44666667 | AL10: =IF(COUNTA(U10:AI10)=0,"",(SUM(U10*KPI_Weights!$B$4,V10*KPI_Weights!$B$5,W10*KPI_Weights!$B$6,X10*KPI_Weights!$B$7,Y10*KPI_Weights!$B$8,Z10*KPI_Weights!$B$9,AA10*KPI_Weights!$B$10,AB10*KPI_Weights!$B$11,AC10*KPI_Weights!$B$12,AD10*KPI_Weights!$B$13,AE10*KPI_Weights!$B$14,AF10*KPI_Weights!$B$15,AG10*KPI_Weights!$B$16,AH10*KPI_Weights!$B$17,AI10*KPI_Weights!$B$18))/5) -> #VALUE! | AM10: =IF(COUNTA(U10:AI10)=0,"",IF(OR(U10<=1,X10<=1,Y10<=1,Z10<=1,AC10<=1),"YES","NO")) -> NO | AN10: =IF(AK10="","",IF(AND(AM10="NO",AK10>=0.75),"YES","NO")) -> NO | AO10: =IF(AK10="","",IF(AK10<0.4,"Critical",IF(AK10<0.6,"Poor",IF(AK10<0.75,"Needs Improvement",IF(AK10<0.9,"Good","Excellent"))))) -> Poor | AP10: YES | AQ10: Poor supervision | AR10: 1. Leadership failure 2. Poor supervision 3. Poor sub-contractor control 4. PTW failure | AS10: All activities inside the visited villa have been suspened and corrective and preventive actions required have been communicated with action owners . | AT10: Provide competent supervsion to ensure the activities inline with OSH requirements and proeprly managing the subcontractor. | AV10: Project engineer construction manager | AW10: 46121 | AX10: Asite Reff provided
A11: SIDP3-BW-KEO-ZZ-ZZ-XX-RP-HS-00161 | B11: 46118 | C11: =IF($B11="","",WEEKNUM($B11,2)) -> 15 | E11: =IF($B11="","",TEXT($B11,"yyyy-mm")) -> 2026-04 | F11: 3 | G11: Cluster 3 | H11: =IF(OR($F11="",$G11=""),"",IFERROR(IF($F11=INDEX(Cluster_Master!$A$4:$A$18,MATCH($G11,Cluster_Master!$B$4:$B$18,0)),"OK","CHECK"),"CHECK")) -> OK | I11: =IFERROR(INDEX(Cluster_Master!$C$4:$C$18,MATCH($G11,Cluster_Master!$B$4:$B$18,0)),"") -> INNOVO | J11: =IFERROR(INDEX(Cluster_Master!$D$4:$D$18,MATCH($G11,Cluster_Master!$B$4:$B$18,0)),"") -> Kahtan Tikriti | K11: =IFERROR(INDEX(Cluster_Master!$E$4:$E$18,MATCH($G11,Cluster_Master!$B$4:$B$18,0)),"") -> Aiman Abdullah | L11: =IFERROR(INDEX(Cluster_Master!$F$4:$F$18,MATCH($G11,Cluster_Master!$B$4:$B$18,0)),"") -> Salama Al Samdy | M11: =IFERROR(INDEX(Cluster_Master!$G$4:$G$18,MATCH($G11,Cluster_Master!$B$4:$B$18,0)),"") -> Mazen Al Atwani | N11: =IFERROR(INDEX(Cluster_Master!$H$4:$H$18,MATCH($G11,Cluster_Master!$B$4:$B$18,0)),"") -> 0 | O11: Shinoj M | P11: KEO | Q11: Villa 12-17 | S11: Traffic Management | T11: NO | U11: 3 | V11: 2 | W11: 3 | X11: 3 | Y11: 4 | Z11: 2 | AA11: 3 | AB11: 3 | AC11: 3 | AD11: 1 | AE11: 4 | AF11: 4 | AG11: 3 | AH11: 3 | AI11: 3 | AJ11: =IF(COUNTA(U11:AI11)=0,"",SUM(U11:AI11)) -> 44 | AK11: =IF(COUNTA(U11:AI11)=0,"",AJ11/75) -> 0.58666667 | AL11: =IF(COUNTA(U11:AI11)=0,"",(SUM(U11*KPI_Weights!$B$4,V11*KPI_Weights!$B$5,W11*KPI_Weights!$B$6,X11*KPI_Weights!$B$7,Y11*KPI_Weights!$B$8,Z11*KPI_Weights!$B$9,AA11*KPI_Weights!$B$10,AB11*KPI_Weights!$B$11,AC11*KPI_Weights!$B$12,AD11*KPI_Weights!$B$13,AE11*KPI_Weights!$B$14,AF11*KPI_Weights!$B$15,AG11*KPI_Weights!$B$16,AH11*KPI_Weights!$B$17,AI11*KPI_Weights!$B$18))/5) -> 0.568 | AM11: =IF(COUNTA(U11:AI11)=0,"",IF(OR(U11<=1,X11<=1,Y11<=1,Z11<=1,AC11<=1),"YES","NO")) -> NO | AN11: =IF(AK11="","",IF(AND(AM11="NO",AK11>=0.75),"YES","NO")) -> NO | AO11: =IF(AK11="","",IF(AK11<0.4,"Critical",IF(AK11<0.6,"Poor",IF(AK11<0.75,"Needs Improvement",IF(AK11<0.9,"Good","Excellent"))))) -> Poor | AP11: YES | AQ11: Poor planning | AR11: 1. Poor coordination 2. Poor sub-contractor control 4. PTW failure | AS11: 1. Maintain the pedestrian access 2. Reinstate the barricades 3. Provide access to the villas 4.Apoint competent scaffolding crew | AT11: 1. Preplan the activities 2. Conduct a week's look-ahead planning to avoid conflicts 3. Conduct training for the involved teams 4. Evaluate the competency of the scaffolding crew | AV11: Construction manager Project Engineer HSE officer | AX11: Asite Reff provided
A12: SIDPW-BW-KEO-ZZ-ZZ-XX-RP-HS-00197 | B12: 46114 | C12: =IF($B12="","",WEEKNUM($B12,2)) -> 14 | E12: =IF($B12="","",TEXT($B12,"yyyy-mm")) -> 2026-04 | F12: 2 | G12: Cluster 7B | H12: =IF(OR($F12="",$G12=""),"",IFERROR(IF($F12=INDEX(Cluster_Master!$A$4:$A$18,MATCH($G12,Cluster_Master!$B$4:$B$18,0)),"OK","CHECK"),"CHECK")) -> OK | I12: =IFERROR(INDEX(Cluster_Master!$C$4:$C$18,MATCH($G12,Cluster_Master!$B$4:$B$18,0)),"") -> TAJV | J12: =IFERROR(INDEX(Cluster_Master!$D$4:$D$18,MATCH($G12,Cluster_Master!$B$4:$B$18,0)),"") -> Hicham Adel Narch | K12: =IFERROR(INDEX(Cluster_Master!$E$4:$E$18,MATCH($G12,Cluster_Master!$B$4:$B$18,0)),"") -> Ghaidh Alfaour | L12: =IFERROR(INDEX(Cluster_Master!$F$4:$F$18,MATCH($G12,Cluster_Master!$B$4:$B$18,0)),"") -> George Deeb | M12: =IFERROR(INDEX(Cluster_Master!$G$4:$G$18,MATCH($G12,Cluster_Master!$B$4:$B$18,0)),"") -> Timur | N12: =IFERROR(INDEX(Cluster_Master!$H$4:$H$18,MATCH($G12,Cluster_Master!$B$4:$B$18,0)),"") -> Eyad | O12: Jackson | P12: KEO | Q12: General | S12: Work at Height | T12: NO | U12: 3.5 | V12: 3.5 | W12: 4 | X12: NA | Y12: 3.5 | Z12: 4 | AA12: 2 | AB12: 4 | AC12: 3.5 | AD12: 4.5 | AE12: 5 | AF12: 4 | AG12: 3 | AH12: 4 | AI12: 3 | AJ12: =IF(COUNTA(U12:AI12)=0,"",SUM(U12:AI12)) -> 51.5 | AK12: =IF(COUNTA(U12:AI12)=0,"",AJ12/75) -> 0.68666667 | AL12: =IF(COUNTA(U12:AI12)=0,"",(SUM(U12*KPI_Weights!$B$4,V12*KPI_Weights!$B$5,W12*KPI_Weights!$B$6,X12*KPI_Weights!$B$7,Y12*KPI_Weights!$B$8,Z12*KPI_Weights!$B$9,AA12*KPI_Weights!$B$10,AB12*KPI_Weights!$B$11,AC12*KPI_Weights!$B$12,AD12*KPI_Weights!$B$13,AE12*KPI_Weights!$B$14,AF12*KPI_Weights!$B$15,AG12*KPI_Weights!$B$16,AH12*KPI_Weights!$B$17,AI12*KPI_Weights!$B$18))/5) -> #VALUE! | AM12: =IF(COUNTA(U12:AI12)=0,"",IF(OR(U12<=1,X12<=1,Y12<=1,Z12<=1,AC12<=1),"YES","NO")) -> NO | AN12: =IF(AK12="","",IF(AND(AM12="NO",AK12>=0.75),"YES","NO")) -> NO | AO12: =IF(AK12="","",IF(AK12<0.4,"Critical",IF(AK12<0.6,"Poor",IF(AK12<0.75,"Needs Improvement",IF(AK12<0.9,"Good","Excellent"))))) -> Needs Improvement | AP12: YES | AQ12: Poor subcontractor control | AR12: 1. Poor sub-contractor control | AS12: Cordination Meeting conducted | AT12: Sub contractor shall be managed based on the project OSH Requirements | AV12: Project engineer construction manager | AW12: 46121 | AX12: Asite Reff provided
A13: SIDPW-BW-KEO-ZZ-ZZ-XX-RP-HS-00198 | B13: 46115 | C13: =IF($B13="","",WEEKNUM($B13,2)) -> 14 | E13: =IF($B13="","",TEXT($B13,"yyyy-mm")) -> 2026-04 | F13: 2 | G13: Cluster 8C | H13: =IF(OR($F13="",$G13=""),"",IFERROR(IF($F13=INDEX(Cluster_Master!$A$4:$A$18,MATCH($G13,Cluster_Master!$B$4:$B$18,0)),"OK","CHECK"),"CHECK")) -> OK | I13: =IFERROR(INDEX(Cluster_Master!$C$4:$C$18,MATCH($G13,Cluster_Master!$B$4:$B$18,0)),"") -> TAJV | J13: =IFERROR(INDEX(Cluster_Master!$D$4:$D$18,MATCH($G13,Cluster_Master!$B$4:$B$18,0)),"") -> Hicham Adel Narch | K13: =IFERROR(INDEX(Cluster_Master!$E$4:$E$18,MATCH($G13,Cluster_Master!$B$4:$B$18,0)),"") -> Ghaidh Alfaour | L13: =IFERROR(INDEX(Cluster_Master!$F$4:$F$18,MATCH($G13,Cluster_Master!$B$4:$B$18,0)),"") -> George Deeb | M13: =IFERROR(INDEX(Cluster_Master!$G$4:$G$18,MATCH($G13,Cluster_Master!$B$4:$B$18,0)),"") -> Timur | N13: =IFERROR(INDEX(Cluster_Master!$H$4:$H$18,MATCH($G13,Cluster_Master!$B$4:$B$18,0)),"") -> Ahmad Adel | O13: Jackson | P13: KEO | Q13: General | S13: Scaffolding | T13: NO | U13: 3 | V13: 3.5 | W13: 2.5 | X13: 4 | Y13: 3 | Z13: 3.5 | AA13: 3.5 | AB13: 4 | AC13: 3 | AD13: 4 | AE13: 4 | AF13: 4 | AG13: 2.5 | AH13: 3 | AI13: 3.5 | AJ13: =IF(COUNTA(U13:AI13)=0,"",SUM(U13:AI13)) -> 51 | AK13: =IF(COUNTA(U13:AI13)=0,"",AJ13/75) -> 0.68 | AL13: =IF(COUNTA(U13:AI13)=0,"",(SUM(U13*KPI_Weights!$B$4,V13*KPI_Weights!$B$5,W13*KPI_Weights!$B$6,X13*KPI_Weights!$B$7,Y13*KPI_Weights!$B$8,Z13*KPI_Weights!$B$9,AA13*KPI_Weights!$B$10,AB13*KPI_Weights!$B$11,AC13*KPI_Weights!$B$12,AD13*KPI_Weights!$B$13,AE13*KPI_Weights!$B$14,AF13*KPI_Weights!$B$15,AG13*KPI_Weights!$B$16,AH13*KPI_Weights!$B$17,AI13*KPI_Weights!$B$18))/5) -> 0.668 | AM13: =IF(COUNTA(U13:AI13)=0,"",IF(OR(U13<=1,X13<=1,Y13<=1,Z13<=1,AC13<=1),"YES","NO")) -> NO | AN13: =IF(AK13="","",IF(AND(AM13="NO",AK13>=0.75),"YES","NO")) -> NO | AO13: =IF(AK13="","",IF(AK13<0.4,"Critical",IF(AK13<0.6,"Poor",IF(AK13<0.75,"Needs Improvement",IF(AK13<0.9,"Good","Excellent"))))) -> Needs Improvement | AP13: YES | AQ13: Inadequate competence | AR13: Inadequate comptence | AS13: Coordination Meeting conducted | AT13: Regular Training sessions shall be carried out | AW13: 46122 | AX13: Asite Reff provided
A14: SIDPW-BW-KEO-ZZ-ZZ-XX-RP-HS-00198 | B14: 46115 | C14: =IF($B14="","",WEEKNUM($B14,2)) -> 14 | E14: =IF($B14="","",TEXT($B14,"yyyy-mm")) -> 2026-04 | F14: 2 | G14: Cluster 8D | H14: =IF(OR($F14="",$G14=""),"",IFERROR(IF($F14=INDEX(Cluster_Master!$A$4:$A$18,MATCH($G14,Cluster_Master!$B$4:$B$18,0)),"OK","CHECK"),"CHECK")) -> OK | I14: =IFERROR(INDEX(Cluster_Master!$C$4:$C$18,MATCH($G14,Cluster_Master!$B$4:$B$18,0)),"") -> TAJV | J14: =IFERROR(INDEX(Cluster_Master!$D$4:$D$18,MATCH($G14,Cluster_Master!$B$4:$B$18,0)),"") -> Hicham Adel Narch | K14: =IFERROR(INDEX(Cluster_Master!$E$4:$E$18,MATCH($G14,Cluster_Master!$B$4:$B$18,0)),"") -> Ghaidh Alfaour | L14: =IFERROR(INDEX(Cluster_Master!$F$4:$F$18,MATCH($G14,Cluster_Master!$B$4:$B$18,0)),"") -> George Deeb | M14: =IFERROR(INDEX(Cluster_Master!$G$4:$G$18,MATCH($G14,Cluster_Master!$B$4:$B$18,0)),"") -> Timur | N14: =IFERROR(INDEX(Cluster_Master!$H$4:$H$18,MATCH($G14,Cluster_Master!$B$4:$B$18,0)),"") -> Ahmad Adel | O14: Jackson | P14: KEO | Q14: General | S14: Electrical Safety | T14: NO | U14: 3.5 | V14: 3 | W14: 3 | X14: 4 | Y14: 3.5 | Z14: 3 | AA14: 3 | AB14: 4 | AC14: 3 | AD14: 4 | AE14: 3.5 | AF14: 4 | AG14: 3 | AH14: 3 | AI14: 3.5 | AJ14: =IF(COUNTA(U14:AI14)=0,"",SUM(U14:AI14)) -> 51 | AK14: =IF(COUNTA(U14:AI14)=0,"",AJ14/75) -> 0.68 | AL14: =IF(COUNTA(U14:AI14)=0,"",(SUM(U14*KPI_Weights!$B$4,V14*KPI_Weights!$B$5,W14*KPI_Weights!$B$6,X14*KPI_Weights!$B$7,Y14*KPI_Weights!$B$8,Z14*KPI_Weights!$B$9,AA14*KPI_Weights!$B$10,AB14*KPI_Weights!$B$11,AC14*KPI_Weights!$B$12,AD14*KPI_Weights!$B$13,AE14*KPI_Weights!$B$14,AF14*KPI_Weights!$B$15,AG14*KPI_Weights!$B$16,AH14*KPI_Weights!$B$17,AI14*KPI_Weights!$B$18))/5) -> 0.671 | AM14: =IF(COUNTA(U14:AI14)=0,"",IF(OR(U14<=1,X14<=1,Y14<=1,Z14<=1,AC14<=1),"YES","NO")) -> NO | AN14: =IF(AK14="","",IF(AND(AM14="NO",AK14>=0.75),"YES","NO")) -> NO | AO14: =IF(AK14="","",IF(AK14<0.4,"Critical",IF(AK14<0.6,"Poor",IF(AK14<0.75,"Needs Improvement",IF(AK14<0.9,"Good","Excellent"))))) -> Needs Improvement | AP14: YES | AQ14: Poor supervision | AR14: Poor supervision | AS14: Coordination Meeting conducted | AT14: Regular scaffolding and Distribution Board inspection | AW14: 46122 | AX14: Asite Reff provided
A15: SIDPW-BW-KEO-ZZ-ZZ-XX-RP-HS-00199 | B15: 46118 | C15: =IF($B15="","",WEEKNUM($B15,2)) -> 15 | E15: =IF($B15="","",TEXT($B15,"yyyy-mm")) -> 2026-04 | F15: 4 | G15: Cluster 1A | H15: =IF(OR($F15="",$G15=""),"",IFERROR(IF($F15=INDEX(Cluster_Master!$A$4:$A$18,MATCH($G15,Cluster_Master!$B$4:$B$18,0)),"OK","CHECK"),"CHECK")) -> OK | I15: =IFERROR(INDEX(Cluster_Master!$C$4:$C$18,MATCH($G15,Cluster_Master!$B$4:$B$18,0)),"") -> TAJV | J15: =IFERROR(INDEX(Cluster_Master!$D$4:$D$18,MATCH($G15,Cluster_Master!$B$4:$B$18,0)),"") -> Hicham Adel Narch | K15: =IFERROR(INDEX(Cluster_Master!$E$4:$E$18,MATCH($G15,Cluster_Master!$B$4:$B$18,0)),"") -> Ghaidh Alfaour | L15: =IFERROR(INDEX(Cluster_Master!$F$4:$F$18,MATCH($G15,Cluster_Master!$B$4:$B$18,0)),"") -> Alaa Hegab | M15: =IFERROR(INDEX(Cluster_Master!$G$4:$G$18,MATCH($G15,Cluster_Master!$B$4:$B$18,0)),"") -> Timur Terakopov | N15: =IFERROR(INDEX(Cluster_Master!$H$4:$H$18,MATCH($G15,Cluster_Master!$B$4:$B$18,0)),"") -> Amr Taha | O15: Jackson | P15: KEO | Q15: General | S15: Scaffolding | T15: YES | U15: 3 | V15: 4 | W15: 4 | X15: 3 | Y15: 2.5 | Z15: 4 | AA15: 4 | AB15: 4 | AC15: 3 | AD15: 4 | AE15: 4 | AF15: 3.5 | AG15: 3.5 | AH15: 2.5 | AI15: 3.5 | AJ15: =IF(COUNTA(U15:AI15)=0,"",SUM(U15:AI15)) -> 52.5 | AK15: =IF(COUNTA(U15:AI15)=0,"",AJ15/75) -> 0.7 | AL15: =IF(COUNTA(U15:AI15)=0,"",(SUM(U15*KPI_Weights!$B$4,V15*KPI_Weights!$B$5,W15*KPI_Weights!$B$6,X15*KPI_Weights!$B$7,Y15*KPI_Weights!$B$8,Z15*KPI_Weights!$B$9,AA15*KPI_Weights!$B$10,AB15*KPI_Weights!$B$11,AC15*KPI_Weights!$B$12,AD15*KPI_Weights!$B$13,AE15*KPI_Weights!$B$14,AF15*KPI_Weights!$B$15,AG15*KPI_Weights!$B$16,AH15*KPI_Weights!$B$17,AI15*KPI_Weights!$B$18))/5) -> 0.687 | AM15: =IF(COUNTA(U15:AI15)=0,"",IF(OR(U15<=1,X15<=1,Y15<=1,Z15<=1,AC15<=1),"YES","NO")) -> NO | AN15: =IF(AK15="","",IF(AND(AM15="NO",AK15>=0.75),"YES","NO")) -> NO | AO15: =IF(AK15="","",IF(AK15<0.4,"Critical",IF(AK15<0.6,"Poor",IF(AK15<0.75,"Needs Improvement",IF(AK15<0.9,"Good","Excellent"))))) -> Needs Improvement | AP15: YES | AQ15: Poor subcontractor control | AR15: Poor subcontractor control | AS15: Unsafe work has been suspended | AT15: Regular scaffolding and Distribution Board inspection | AW15: 46124 | AX15: Asite Reff provided
A16: SIDPW-BW-KEO-ZZ-ZZ-XX-RP-HS-00200 | B16: 46118 | C16: =IF($B16="","",WEEKNUM($B16,2)) -> 15 | E16: =IF($B16="","",TEXT($B16,"yyyy-mm")) -> 2026-04 | F16: 4 | G16: Cluster 1B | H16: =IF(OR($F16="",$G16=""),"",IFERROR(IF($F16=INDEX(Cluster_Master!$A$4:$A$18,MATCH($G16,Cluster_Master!$B$4:$B$18,0)),"OK","CHECK"),"CHECK")) -> OK | I16: =IFERROR(INDEX(Cluster_Master!$C$4:$C$18,MATCH($G16,Cluster_Master!$B$4:$B$18,0)),"") -> TAJV | J16: =IFERROR(INDEX(Cluster_Master!$D$4:$D$18,MATCH($G16,Cluster_Master!$B$4:$B$18,0)),"") -> Hicham Adel Narch | K16: =IFERROR(INDEX(Cluster_Master!$E$4:$E$18,MATCH($G16,Cluster_Master!$B$4:$B$18,0)),"") -> Ghaidh Alfaour | L16: =IFERROR(INDEX(Cluster_Master!$F$4:$F$18,MATCH($G16,Cluster_Master!$B$4:$B$18,0)),"") -> Hossam Ali Maher | M16: =IFERROR(INDEX(Cluster_Master!$G$4:$G$18,MATCH($G16,Cluster_Master!$B$4:$B$18,0)),"") -> Timur Terakopov | N16: =IFERROR(INDEX(Cluster_Master!$H$4:$H$18,MATCH($G16,Cluster_Master!$B$4:$B$18,0)),"") -> Md Ramadan / Osama Said | O16: Abdel Monem | P16: KEO | Q16: General | S16: Scaffolding | T16: NO | U16: 4 | V16: 4 | W16: 4.5 | X16: 4 | Y16: 4 | Z16: 4 | AA16: 4 | AB16: 4 | AC16: 4 | AD16: 4 | AE16: 4 | AF16: 4 | AG16: 3.5 | AH16: 3.5 | AI16: 3 | AJ16: =IF(COUNTA(U16:AI16)=0,"",SUM(U16:AI16)) -> 58.5 | AK16: =IF(COUNTA(U16:AI16)=0,"",AJ16/75) -> 0.78 | AL16: =IF(COUNTA(U16:AI16)=0,"",(SUM(U16*KPI_Weights!$B$4,V16*KPI_Weights!$B$5,W16*KPI_Weights!$B$6,X16*KPI_Weights!$B$7,Y16*KPI_Weights!$B$8,Z16*KPI_Weights!$B$9,AA16*KPI_Weights!$B$10,AB16*KPI_Weights!$B$11,AC16*KPI_Weights!$B$12,AD16*KPI_Weights!$B$13,AE16*KPI_Weights!$B$14,AF16*KPI_Weights!$B$15,AG16*KPI_Weights!$B$16,AH16*KPI_Weights!$B$17,AI16*KPI_Weights!$B$18))/5) -> 0.785 | AM16: =IF(COUNTA(U16:AI16)=0,"",IF(OR(U16<=1,X16<=1,Y16<=1,Z16<=1,AC16<=1),"YES","NO")) -> NO | AN16: =IF(AK16="","",IF(AND(AM16="NO",AK16>=0.75),"YES","NO")) -> YES | AO16: =IF(AK16="","",IF(AK16<0.4,"Critical",IF(AK16<0.6,"Poor",IF(AK16<0.75,"Needs Improvement",IF(AK16<0.9,"Good","Excellent"))))) -> Good | AP16: YES | AQ16: Poor subcontractor control | AR16: Poor subcontractor control | AS16: Coordination Meeting conducted | AT16: Regular scaffolding and Distribution Board inspection | AW16: 46124 | AX16: Asite Reff provided
A17: SIDP3-BW-KEO-ZZ-ZZ-XX-RP-HS-00162 | B17: 46118 | C17: =IF($B17="","",WEEKNUM($B17,2)) -> 15 | E17: =IF($B17="","",TEXT($B17,"yyyy-mm")) -> 2026-04 | F17: 3 | G17: Cluster 4 | H17: =IF(OR($F17="",$G17=""),"",IFERROR(IF($F17=INDEX(Cluster_Master!$A$4:$A$18,MATCH($G17,Cluster_Master!$B$4:$B$18,0)),"OK","CHECK"),"CHECK")) -> OK | I17: =IFERROR(INDEX(Cluster_Master!$C$4:$C$18,MATCH($G17,Cluster_Master!$B$4:$B$18,0)),"") -> INNOVO | J17: =IFERROR(INDEX(Cluster_Master!$D$4:$D$18,MATCH($G17,Cluster_Master!$B$4:$B$18,0)),"") -> Kahtan Tikriti | K17: =IFERROR(INDEX(Cluster_Master!$E$4:$E$18,MATCH($G17,Cluster_Master!$B$4:$B$18,0)),"") -> Aiman Abdullah | L17: =IFERROR(INDEX(Cluster_Master!$F$4:$F$18,MATCH($G17,Cluster_Master!$B$4:$B$18,0)),"") -> Baha Basheer | M17: =IFERROR(INDEX(Cluster_Master!$G$4:$G$18,MATCH($G17,Cluster_Master!$B$4:$B$18,0)),"") -> Mazen Al Atwani | N17: =IFERROR(INDEX(Cluster_Master!$H$4:$H$18,MATCH($G17,Cluster_Master!$B$4:$B$18,0)),"") -> 0 | O17: Shakir | P17: KEO | Q17: General | S17: Lifting Operations | T17: YES | U17: 4 | V17: 4 | W17: 4 | X17: 3 | Y17: 3 | Z17: 2 | AA17: 1 | AB17: 4 | AC17: 3 | AD17: 3 | AE17: 3 | AF17: 4 | AG17: 2 | AH17: 2 | AI17: 3 | AJ17: =IF(COUNTA(U17:AI17)=0,"",SUM(U17:AI17)) -> 45 | AK17: =IF(COUNTA(U17:AI17)=0,"",AJ17/75) -> 0.6 | AL17: =IF(COUNTA(U17:AI17)=0,"",(SUM(U17*KPI_Weights!$B$4,V17*KPI_Weights!$B$5,W17*KPI_Weights!$B$6,X17*KPI_Weights!$B$7,Y17*KPI_Weights!$B$8,Z17*KPI_Weights!$B$9,AA17*KPI_Weights!$B$10,AB17*KPI_Weights!$B$11,AC17*KPI_Weights!$B$12,AD17*KPI_Weights!$B$13,AE17*KPI_Weights!$B$14,AF17*KPI_Weights!$B$15,AG17*KPI_Weights!$B$16,AH17*KPI_Weights!$B$17,AI17*KPI_Weights!$B$18))/5) -> 0.614 | AM17: =IF(COUNTA(U17:AI17)=0,"",IF(OR(U17<=1,X17<=1,Y17<=1,Z17<=1,AC17<=1),"YES","NO")) -> NO | AN17: =IF(AK17="","",IF(AND(AM17="NO",AK17>=0.75),"YES","NO")) -> NO | AO17: =IF(AK17="","",IF(AK17<0.4,"Critical",IF(AK17<0.6,"Poor",IF(AK17<0.75,"Needs Improvement",IF(AK17<0.9,"Good","Excellent"))))) -> Needs Improvement | AP17: YES | AQ17: Poor supervision | AR17: • HSE Management System Implementation • Planning and Control • Inspection, Monitoring, and Compliance | AS17: • Unsafe activities were stopped immediately. • Housekeeping, waste removal, and access rectification started | AT17: Enforce strict supervision and permit compliance. Implement proper planning, housekeeping, and waste management systems. Conduct regular inspections, training, and safety awareness programs. | AV17: Construction manager Project Engineer | AW17: 46122 | AX17: Asite Reff provided
A18: SIDP3-BW-KEO-ZZ-ZZ-XX-WR-HS-75 | B18: 46119 | C18: =IF($B18="","",WEEKNUM($B18,2)) -> 15 | E18: =IF($B18="","",TEXT($B18,"yyyy-mm")) -> 2026-04 | F18: 3 | G18: Cluster 5 | H18: =IF(OR($F18="",$G18=""),"",IFERROR(IF($F18=INDEX(Cluster_Master!$A$4:$A$18,MATCH($G18,Cluster_Master!$B$4:$B$18,0)),"OK","CHECK"),"CHECK")) -> OK | I18: =IFERROR(INDEX(Cluster_Master!$C$4:$C$18,MATCH($G18,Cluster_Master!$B$4:$B$18,0)),"") -> INNOVO | J18: =IFERROR(INDEX(Cluster_Master!$D$4:$D$18,MATCH($G18,Cluster_Master!$B$4:$B$18,0)),"") -> Kahtan Tikriti | K18: =IFERROR(INDEX(Cluster_Master!$E$4:$E$18,MATCH($G18,Cluster_Master!$B$4:$B$18,0)),"") -> Michael Ghali | L18: =IFERROR(INDEX(Cluster_Master!$F$4:$F$18,MATCH($G18,Cluster_Master!$B$4:$B$18,0)),"") -> Robair Louies | M18: =IFERROR(INDEX(Cluster_Master!$G$4:$G$18,MATCH($G18,Cluster_Master!$B$4:$B$18,0)),"") -> Mazen Al Atwani | N18: =IFERROR(INDEX(Cluster_Master!$H$4:$H$18,MATCH($G18,Cluster_Master!$B$4:$B$18,0)),"") -> 0 | O18: Shakir | P18: KEO | Q18: General | S18: Fire Readiness | T18: NO | U18: 4 | V18: 4 | W18: 3 | X18: 3 | Y18: 4 | Z18: 4 | AA18: 3 | AB18: 3 | AC18: 4 | AD18: 3 | AE18: 2 | AF18: 4 | AG18: 3 | AH18: 4 | AI18: 2 | AJ18: =IF(COUNTA(U18:AI18)=0,"",SUM(U18:AI18)) -> 50 | AK18: =IF(COUNTA(U18:AI18)=0,"",AJ18/75) -> 0.66666667 | AL18: =IF(COUNTA(U18:AI18)=0,"",(SUM(U18*KPI_Weights!$B$4,V18*KPI_Weights!$B$5,W18*KPI_Weights!$B$6,X18*KPI_Weights!$B$7,Y18*KPI_Weights!$B$8,Z18*KPI_Weights!$B$9,AA18*KPI_Weights!$B$10,AB18*KPI_Weights!$B$11,AC18*KPI_Weights!$B$12,AD18*KPI_Weights!$B$13,AE18*KPI_Weights!$B$14,AF18*KPI_Weights!$B$15,AG18*KPI_Weights!$B$16,AH18*KPI_Weights!$B$17,AI18*KPI_Weights!$B$18))/5) -> 0.698 | AM18: =IF(COUNTA(U18:AI18)=0,"",IF(OR(U18<=1,X18<=1,Y18<=1,Z18<=1,AC18<=1),"YES","NO")) -> NO | AN18: =IF(AK18="","",IF(AND(AM18="NO",AK18>=0.75),"YES","NO")) -> NO | AO18: Need improvments | AP18: YES | AQ18: PTW failure | AR18: HSE Management System Implementation • Planning and Control • Inspection, Monitoring, and Compliance | AS18: unsafe blocks observed in walk fixed away from edge | AT18: Enforce strict supervision and permit compliance. Implement proper planning, housekeeping, and waste management systems. Conduct regular inspections, training, and safety awareness programs. | AV18: Construction manager Project Engineer | AW18: 46126 | AX18: Asite Reff provided
A19: SIDP3-BW-KEO-ZZ-ZZ-XX-WR-HS-75 | B19: 46119 | C19: =IF($B19="","",WEEKNUM($B19,2)) -> 15 | E19: =IF($B19="","",TEXT($B19,"yyyy-mm")) -> 2026-04 | F19: 3 | G19: Cluster 6 | H19: =IF(OR($F19="",$G19=""),"",IFERROR(IF($F19=INDEX(Cluster_Master!$A$4:$A$18,MATCH($G19,Cluster_Master!$B$4:$B$18,0)),"OK","CHECK"),"CHECK")) -> OK | I19: =IFERROR(INDEX(Cluster_Master!$C$4:$C$18,MATCH($G19,Cluster_Master!$B$4:$B$18,0)),"") -> INNOVO | J19: =IFERROR(INDEX(Cluster_Master!$D$4:$D$18,MATCH($G19,Cluster_Master!$B$4:$B$18,0)),"") -> Kahtan Tikriti | K19: =IFERROR(INDEX(Cluster_Master!$E$4:$E$18,MATCH($G19,Cluster_Master!$B$4:$B$18,0)),"") -> Michael Ghali | L19: =IFERROR(INDEX(Cluster_Master!$F$4:$F$18,MATCH($G19,Cluster_Master!$B$4:$B$18,0)),"") -> Remon Karas | M19: =IFERROR(INDEX(Cluster_Master!$G$4:$G$18,MATCH($G19,Cluster_Master!$B$4:$B$18,0)),"") -> Mazen Al Atwani | N19: =IFERROR(INDEX(Cluster_Master!$H$4:$H$18,MATCH($G19,Cluster_Master!$B$4:$B$18,0)),"") -> 0 | O19: Shakir | P19: KEO | Q19: General | S19: Electrical Safety | T19: NO | U19: 4 | V19: 4 | W19: 3 | X19: 3 | Y19: 4 | Z19: 4 | AA19: 3 | AB19: 3 | AC19: 4 | AD19: 3 | AE19: 4 | AF19: 4 | AG19: 3 | AH19: 4 | AI19: 2 | AJ19: =IF(COUNTA(U19:AI19)=0,"",SUM(U19:AI19)) -> 52 | AK19: =IF(COUNTA(U19:AI19)=0,"",AJ19/75) -> 0.69333333 | AL19: =IF(COUNTA(U19:AI19)=0,"",(SUM(U19*KPI_Weights!$B$4,V19*KPI_Weights!$B$5,W19*KPI_Weights!$B$6,X19*KPI_Weights!$B$7,Y19*KPI_Weights!$B$8,Z19*KPI_Weights!$B$9,AA19*KPI_Weights!$B$10,AB19*KPI_Weights!$B$11,AC19*KPI_Weights!$B$12,AD19*KPI_Weights!$B$13,AE19*KPI_Weights!$B$14,AF19*KPI_Weights!$B$15,AG19*KPI_Weights!$B$16,AH19*KPI_Weights!$B$17,AI19*KPI_Weights!$B$18))/5) -> 0.71 | AM19: =IF(COUNTA(U19:AI19)=0,"",IF(OR(U19<=1,X19<=1,Y19<=1,Z19<=1,AC19<=1),"YES","NO")) -> NO | AN19: =IF(AK19="","",IF(AND(AM19="NO",AK19>=0.75),"YES","NO")) -> NO | AO19: =IF(AK19="","",IF(AK19<0.4,"Critical",IF(AK19<0.6,"Poor",IF(AK19<0.75,"Needs Improvement",IF(AK19<0.9,"Good","Excellent"))))) -> Needs Improvement | AP19: YES | AQ19: Poor subcontractor control | AR19: •HSE Management System Implementation • Planning and Control • Inspection, Monitoring, and Compliance | AS19: permit to work verification done on site.edge protection team was called to fix the edge protection and excavation barricades | AT19: Enforce strict supervision and permit compliance. Implement proper planning, housekeeping, and waste management systems. Conduct regular inspections, training, and safety awareness programs. | AV19: Construction Manager | AW19: 46126 | AX19: Asite Reff provided
A20: SIDPW-BW-KEO-ZZ-ZZ-XX-RP-HS-00201 | B20: 46119 | C20: =IF($B20="","",WEEKNUM($B20,2)) -> 15 | E20: =IF($B20="","",TEXT($B20,"yyyy-mm")) -> 2026-04 | F20: 2 | G20: Cluster 7A | H20: =IF(OR($F20="",$G20=""),"",IFERROR(IF($F20=INDEX(Cluster_Master!$A$4:$A$18,MATCH($G20,Cluster_Master!$B$4:$B$18,0)),"OK","CHECK"),"CHECK")) -> OK | I20: =IFERROR(INDEX(Cluster_Master!$C$4:$C$18,MATCH($G20,Cluster_Master!$B$4:$B$18,0)),"") -> TAJV | J20: =IFERROR(INDEX(Cluster_Master!$D$4:$D$18,MATCH($G20,Cluster_Master!$B$4:$B$18,0)),"") -> Hicham Adel Narch | K20: =IFERROR(INDEX(Cluster_Master!$E$4:$E$18,MATCH($G20,Cluster_Master!$B$4:$B$18,0)),"") -> Ghaidh Alfaour | L20: =IFERROR(INDEX(Cluster_Master!$F$4:$F$18,MATCH($G20,Cluster_Master!$B$4:$B$18,0)),"") -> George Deeb | M20: =IFERROR(INDEX(Cluster_Master!$G$4:$G$18,MATCH($G20,Cluster_Master!$B$4:$B$18,0)),"") -> Timur | N20: =IFERROR(INDEX(Cluster_Master!$H$4:$H$18,MATCH($G20,Cluster_Master!$B$4:$B$18,0)),"") -> Liqat | O20: Jackson | P20: KEO | Q20: General | S20: Falling Objects | T20: NO | U20: 3.5 | V20: 3.5 | W20: 3.5 | X20: 2 | Y20: 3 | Z20: 2.5 | AA20: 2.5 | AB20: 4 | AC20: 3 | AD20: 4 | AE20: 3 | AF20: 4 | AG20: 3 | AH20: 3 | AI20: 4 | AJ20: =IF(COUNTA(U20:AI20)=0,"",SUM(U20:AI20)) -> 48.5 | AK20: =IF(COUNTA(U20:AI20)=0,"",AJ20/75) -> 0.64666667 | AL20: =IF(COUNTA(U20:AI20)=0,"",(SUM(U20*KPI_Weights!$B$4,V20*KPI_Weights!$B$5,W20*KPI_Weights!$B$6,X20*KPI_Weights!$B$7,Y20*KPI_Weights!$B$8,Z20*KPI_Weights!$B$9,AA20*KPI_Weights!$B$10,AB20*KPI_Weights!$B$11,AC20*KPI_Weights!$B$12,AD20*KPI_Weights!$B$13,AE20*KPI_Weights!$B$14,AF20*KPI_Weights!$B$15,AG20*KPI_Weights!$B$16,AH20*KPI_Weights!$B$17,AI20*KPI_Weights!$B$18))/5) -> 0.635 | AM20: =IF(COUNTA(U20:AI20)=0,"",IF(OR(U20<=1,X20<=1,Y20<=1,Z20<=1,AC20<=1),"YES","NO")) -> NO | AN20: =IF(AK20="","",IF(AND(AM20="NO",AK20>=0.75),"YES","NO")) -> NO | AO20: =IF(AK20="","",IF(AK20<0.4,"Critical",IF(AK20<0.6,"Poor",IF(AK20<0.75,"Needs Improvement",IF(AK20<0.9,"Good","Excellent"))))) -> Needs Improvement | AP20: YES | AQ20: Poor supervision | AR20: HSE Management System Implementation • Planning and Control • Inspection, Monitoring, and Compliance | AS20: edge protection team was called to fix the edge protection and excavation barricades | AT20: Enforce strict supervision and permit compliance. Implement proper planning, housekeeping, and waste management systems. Conduct regular inspections, training, and safety awareness programs | AV20: Construction manager Project Engineer | AW20: 46124 | AX20: Asite Reff provided
A21: SIDPW-BW-KEO-ZZ-ZZ-XX-RP-HS-00202 | B21: 46119 | C21: =IF($B21="","",WEEKNUM($B21,2)) -> 15 | E21: =IF($B21="","",TEXT($B21,"yyyy-mm")) -> 2026-04 | F21: 2 | G21: Cluster 7A | H21: =IF(OR($F21="",$G21=""),"",IFERROR(IF($F21=INDEX(Cluster_Master!$A$4:$A$18,MATCH($G21,Cluster_Master!$B$4:$B$18,0)),"OK","CHECK"),"CHECK")) -> OK | I21: =IFERROR(INDEX(Cluster_Master!$C$4:$C$18,MATCH($G21,Cluster_Master!$B$4:$B$18,0)),"") -> TAJV | J21: =IFERROR(INDEX(Cluster_Master!$D$4:$D$18,MATCH($G21,Cluster_Master!$B$4:$B$18,0)),"") -> Hicham Adel Narch | K21: =IFERROR(INDEX(Cluster_Master!$E$4:$E$18,MATCH($G21,Cluster_Master!$B$4:$B$18,0)),"") -> Ghaidh Alfaour | L21: =IFERROR(INDEX(Cluster_Master!$F$4:$F$18,MATCH($G21,Cluster_Master!$B$4:$B$18,0)),"") -> George Deeb | M21: =IFERROR(INDEX(Cluster_Master!$G$4:$G$18,MATCH($G21,Cluster_Master!$B$4:$B$18,0)),"") -> Timur | N21: =IFERROR(INDEX(Cluster_Master!$H$4:$H$18,MATCH($G21,Cluster_Master!$B$4:$B$18,0)),"") -> Liqat | O21: Jackson | P21: KEO | Q21: General | S21: Edge Protection | T21: NO | U21: 4 | V21: 3.5 | W21: 4 | X21: 4 | Y21: 3.5 | Z21: 4 | AA21: 4 | AB21: 4 | AC21: 4 | AD21: 4 | AE21: 4 | AF21: 4 | AG21: 3 | AH21: 4 | AI21: 4 | AJ21: =IF(COUNTA(U21:AI21)=0,"",SUM(U21:AI21)) -> 58 | AK21: =IF(COUNTA(U21:AI21)=0,"",AJ21/75) -> 0.77333333 | AL21: =IF(COUNTA(U21:AI21)=0,"",(SUM(U21*KPI_Weights!$B$4,V21*KPI_Weights!$B$5,W21*KPI_Weights!$B$6,X21*KPI_Weights!$B$7,Y21*KPI_Weights!$B$8,Z21*KPI_Weights!$B$9,AA21*KPI_Weights!$B$10,AB21*KPI_Weights!$B$11,AC21*KPI_Weights!$B$12,AD21*KPI_Weights!$B$13,AE21*KPI_Weights!$B$14,AF21*KPI_Weights!$B$15,AG21*KPI_Weights!$B$16,AH21*KPI_Weights!$B$17,AI21*KPI_Weights!$B$18))/5) -> 0.768 | AM21: =IF(COUNTA(U21:AI21)=0,"",IF(OR(U21<=1,X21<=1,Y21<=1,Z21<=1,AC21<=1),"YES","NO")) -> NO | AN21: =IF(AK21="","",IF(AND(AM21="NO",AK21>=0.75),"YES","NO")) -> YES | AO21: =IF(AK21="","",IF(AK21<0.4,"Critical",IF(AK21<0.6,"Poor",IF(AK21<0.75,"Needs Improvement",IF(AK21<0.9,"Good","Excellent"))))) -> Good | AP21: YES | AQ21: Poor supervision | AR21: •HSE Management System Implementation • Planning and Control • Inspection, Monitoring, and Compliance | AS21: Instructed contractor to reverify all scaffolding | AT21: Competent scaffolding inspector shall be inspected all scaffolding units | AV21: Construction manager Project Engineer | AW21: 46124 | AX21: Asite Reff provided
A22: SIDP3-BW-KEO-ZZ-ZZ-XX-RP-HS-00164 | B22: 46120 | C22: =IF($B22="","",WEEKNUM($B22,2)) -> 15 | E22: =IF($B22="","",TEXT($B22,"yyyy-mm")) -> 2026-04 | F22: 3 | G22: Cluster 6 | H22: =IF(OR($F22="",$G22=""),"",IFERROR(IF($F22=INDEX(Cluster_Master!$A$4:$A$18,MATCH($G22,Cluster_Master!$B$4:$B$18,0)),"OK","CHECK"),"CHECK")) -> OK | I22: =IFERROR(INDEX(Cluster_Master!$C$4:$C$18,MATCH($G22,Cluster_Master!$B$4:$B$18,0)),"") -> INNOVO | J22: =IFERROR(INDEX(Cluster_Master!$D$4:$D$18,MATCH($G22,Cluster_Master!$B$4:$B$18,0)),"") -> Kahtan Tikriti | K22: =IFERROR(INDEX(Cluster_Master!$E$4:$E$18,MATCH($G22,Cluster_Master!$B$4:$B$18,0)),"") -> Michael Ghali | L22: =IFERROR(INDEX(Cluster_Master!$F$4:$F$18,MATCH($G22,Cluster_Master!$B$4:$B$18,0)),"") -> Remon Karas | M22: =IFERROR(INDEX(Cluster_Master!$G$4:$G$18,MATCH($G22,Cluster_Master!$B$4:$B$18,0)),"") -> Mazen Al Atwani | N22: =IFERROR(INDEX(Cluster_Master!$H$4:$H$18,MATCH($G22,Cluster_Master!$B$4:$B$18,0)),"") -> 0 | O22: Shakir | P22: KEO | Q22: General | S22: Excavation | T22: YES | U22: 4 | V22: 2 | W22: 4 | X22: 4 | Y22: 4 | Z22: 3 | AA22: 3 | AB22: 4 | AD22: 3 | AE22: 3 | AF22: 4 | AG22: 4 | AH22: 4 | AI22: 3 | AJ22: =IF(COUNTA(U22:AI22)=0,"",SUM(U22:AI22)) -> 49 | AK22: =IF(COUNTA(U22:AI22)=0,"",AJ22/75) -> 0.65333333 | AL22: =IF(COUNTA(U22:AI22)=0,"",(SUM(U22*KPI_Weights!$B$4,V22*KPI_Weights!$B$5,W22*KPI_Weights!$B$6,X22*KPI_Weights!$B$7,Y22*KPI_Weights!$B$8,Z22*KPI_Weights!$B$9,AA22*KPI_Weights!$B$10,AB22*KPI_Weights!$B$11,AC22*KPI_Weights!$B$12,AD22*KPI_Weights!$B$13,AE22*KPI_Weights!$B$14,AF22*KPI_Weights!$B$15,AG22*KPI_Weights!$B$16,AH22*KPI_Weights!$B$17,AI22*KPI_Weights!$B$18))/5) -> 0.614 | AM22: =IF(COUNTA(U22:AI22)=0,"",IF(OR(U22<=1,X22<=1,Y22<=1,Z22<=1,AC22<=1),"YES","NO")) -> YES | AN22: =IF(AK22="","",IF(AND(AM22="NO",AK22>=0.75),"YES","NO")) -> NO | AO22: =IF(AK22="","",IF(AK22<0.4,"Critical",IF(AK22<0.6,"Poor",IF(AK22<0.75,"Needs Improvement",IF(AK22<0.9,"Good","Excellent"))))) -> Needs Improvement | AP22: YES | AQ22: Poor supervision | AR22: HSE Management System Implementation • Planning and Control • Inspection, Monitoring, and Compliance | AS22: Worker removed from the villa in adequate access and edge protection | AT22: • Enforce strict supervision and permit compliance. • Implement proper planning, housekeeping, and waste management systems. • Conduct regular inspections, training, and safety awareness programs. • Access should always be well-maintained and inspected by a competent person • Permit to work should only be issued if the villa is safe to work in | AV22: Construction manager Project Engineer | AW22: 46127 | AX22: Asite Reff provided
A23: SIDP3-BW-KEO-ZZ-ZZ-XX-RP-HS-00163 | B23: 46120 | C23: =IF($B23="","",WEEKNUM($B23,2)) -> 15 | E23: =IF($B23="","",TEXT($B23,"yyyy-mm")) -> 2026-04 | F23: 3 | G23: Cluster 3 | H23: =IF(OR($F23="",$G23=""),"",IFERROR(IF($F23=INDEX(Cluster_Master!$A$4:$A$18,MATCH($G23,Cluster_Master!$B$4:$B$18,0)),"OK","CHECK"),"CHECK")) -> OK | I23: =IFERROR(INDEX(Cluster_Master!$C$4:$C$18,MATCH($G23,Cluster_Master!$B$4:$B$18,0)),"") -> INNOVO | J23: =IFERROR(INDEX(Cluster_Master!$D$4:$D$18,MATCH($G23,Cluster_Master!$B$4:$B$18,0)),"") -> Kahtan Tikriti | K23: =IFERROR(INDEX(Cluster_Master!$E$4:$E$18,MATCH($G23,Cluster_Master!$B$4:$B$18,0)),"") -> Aiman Abdullah | L23: =IFERROR(INDEX(Cluster_Master!$F$4:$F$18,MATCH($G23,Cluster_Master!$B$4:$B$18,0)),"") -> Salama Al Samdy | M23: =IFERROR(INDEX(Cluster_Master!$G$4:$G$18,MATCH($G23,Cluster_Master!$B$4:$B$18,0)),"") -> Mazen Al Atwani | N23: =IFERROR(INDEX(Cluster_Master!$H$4:$H$18,MATCH($G23,Cluster_Master!$B$4:$B$18,0)),"") -> 0 | O23: Shinoj M | P23: KEO | Q23: Block 03 | S23: Permit to Work | T23: YES | U23: 2 | V23: 4 | W23: 4 | X23: 3 | Y23: 3 | Z23: 1 | AA23: 1 | AB23: 3 | AC23: 3 | AD23: 2 | AE23: 2 | AF23: 4 | AG23: 4 | AH23: 2 | AI23: 2 | AJ23: =IF(COUNTA(U23:AI23)=0,"",SUM(U23:AI23)) -> 40 | AK23: =IF(COUNTA(U23:AI23)=0,"",AJ23/75) -> 0.53333333 | AL23: =IF(COUNTA(U23:AI23)=0,"",(SUM(U23*KPI_Weights!$B$4,V23*KPI_Weights!$B$5,W23*KPI_Weights!$B$6,X23*KPI_Weights!$B$7,Y23*KPI_Weights!$B$8,Z23*KPI_Weights!$B$9,AA23*KPI_Weights!$B$10,AB23*KPI_Weights!$B$11,AC23*KPI_Weights!$B$12,AD23*KPI_Weights!$B$13,AE23*KPI_Weights!$B$14,AF23*KPI_Weights!$B$15,AG23*KPI_Weights!$B$16,AH23*KPI_Weights!$B$17,AI23*KPI_Weights!$B$18))/5) -> 0.534 | AM23: =IF(COUNTA(U23:AI23)=0,"",IF(OR(U23<=1,X23<=1,Y23<=1,Z23<=1,AC23<=1),"YES","NO")) -> YES | AN23: =IF(AK23="","",IF(AND(AM23="NO",AK23>=0.75),"YES","NO")) -> NO | AO23: =IF(AK23="","",IF(AK23<0.4,"Critical",IF(AK23<0.6,"Poor",IF(AK23<0.75,"Needs Improvement",IF(AK23<0.9,"Good","Excellent"))))) -> Poor | AP23: YES | AQ23: Poor subcontractor control | AR23: 1. Communication of OHS procedures 2. lack of OHS awareness in supervision level 3. Lack of monitoring | AS23: 1. Worker removed from the villa 2. safe access provided by the contractor 3. allocated people fro material arrangements | AT23: 1. Conduct training and awareness on the site supervision level 2. Conduct routine inspections 3. | AV23: 1. Project engineer 2. Construction Manager 3. OHS offcer | AX23: Asite Reff provided
A24: SIDP3-BW-KEO-ZZ-ZZ-XX-RP-HS-00165 | B24: 46122 | C24: =IF($B24="","",WEEKNUM($B24,2)) -> 15 | E24: =IF($B24="","",TEXT($B24,"yyyy-mm")) -> 2026-04 | F24: 3 | G24: Cluster 4 | H24: =IF(OR($F24="",$G24=""),"",IFERROR(IF($F24=INDEX(Cluster_Master!$A$4:$A$18,MATCH($G24,Cluster_Master!$B$4:$B$18,0)),"OK","CHECK"),"CHECK")) -> OK | I24: =IFERROR(INDEX(Cluster_Master!$C$4:$C$18,MATCH($G24,Cluster_Master!$B$4:$B$18,0)),"") -> INNOVO | J24: =IFERROR(INDEX(Cluster_Master!$D$4:$D$18,MATCH($G24,Cluster_Master!$B$4:$B$18,0)),"") -> Kahtan Tikriti | K24: =IFERROR(INDEX(Cluster_Master!$E$4:$E$18,MATCH($G24,Cluster_Master!$B$4:$B$18,0)),"") -> Aiman Abdullah | L24: =IFERROR(INDEX(Cluster_Master!$F$4:$F$18,MATCH($G24,Cluster_Master!$B$4:$B$18,0)),"") -> Baha Basheer | M24: =IFERROR(INDEX(Cluster_Master!$G$4:$G$18,MATCH($G24,Cluster_Master!$B$4:$B$18,0)),"") -> Mazen Al Atwani | N24: =IFERROR(INDEX(Cluster_Master!$H$4:$H$18,MATCH($G24,Cluster_Master!$B$4:$B$18,0)),"") -> 0 | O24: Shinoj M | P24: KEO | Q24: Block 02 &01 | S24: Edge Protection | T24: NO | U24: 4 | V24: 3 | W24: 4 | X24: 3 | Y24: 4 | Z24: 3 | AA24: 4 | AB24: 4 | AC24: 4 | AD24: 3 | AE24: 4 | AF24: 4 | AG24: 3 | AH24: 4 | AI24: 3 | AJ24: =IF(COUNTA(U24:AI24)=0,"",SUM(U24:AI24)) -> 54 | AK24: =IF(COUNTA(U24:AI24)=0,"",AJ24/75) -> 0.72 | AL24: =IF(COUNTA(U24:AI24)=0,"",(SUM(U24*KPI_Weights!$B$4,V24*KPI_Weights!$B$5,W24*KPI_Weights!$B$6,X24*KPI_Weights!$B$7,Y24*KPI_Weights!$B$8,Z24*KPI_Weights!$B$9,AA24*KPI_Weights!$B$10,AB24*KPI_Weights!$B$11,AC24*KPI_Weights!$B$12,AD24*KPI_Weights!$B$13,AE24*KPI_Weights!$B$14,AF24*KPI_Weights!$B$15,AG24*KPI_Weights!$B$16,AH24*KPI_Weights!$B$17,AI24*KPI_Weights!$B$18))/5) -> 0.71 | AM24: =IF(COUNTA(U24:AI24)=0,"",IF(OR(U24<=1,X24<=1,Y24<=1,Z24<=1,AC24<=1),"YES","NO")) -> NO | AN24: =IF(AK24="","",IF(AND(AM24="NO",AK24>=0.75),"YES","NO")) -> NO | AO24: =IF(AK24="","",IF(AK24<0.4,"Critical",IF(AK24<0.6,"Poor",IF(AK24<0.75,"Needs Improvement",IF(AK24<0.9,"Good","Excellent"))))) -> Needs Improvement | AP24: YES | AQ24: Inadequate competence | AR24: 1. Training and awareness 2. Supervision 3. Inspection | AS24: 1. Appoint a competent team for barricading arrangements 2. Provide rebar caps fro protruding steel 3. Provide our riggers for scaffolding | AT24: 1. Competency assessment should be conducted 2. Period monitoring should be implemented 3. Preventive maintenance should be conducted | AV24: 1 Construction Manager 2 Project Engineer 3 HSE | AX24: Asite Reff provided
A25: SIDP3-BW-KEO-ZZ-ZZ-XX-RP-HS-00166 | B25: 46122 | C25: =IF($B25="","",WEEKNUM($B25,2)) -> 15 | E25: =IF($B25="","",TEXT($B25,"yyyy-mm")) -> 2026-04 | F25: 3 | G25: Cluster 5 | H25: =IF(OR($F25="",$G25=""),"",IFERROR(IF($F25=INDEX(Cluster_Master!$A$4:$A$18,MATCH($G25,Cluster_Master!$B$4:$B$18,0)),"OK","CHECK"),"CHECK")) -> OK | I25: =IFERROR(INDEX(Cluster_Master!$C$4:$C$18,MATCH($G25,Cluster_Master!$B$4:$B$18,0)),"") -> INNOVO | J25: =IFERROR(INDEX(Cluster_Master!$D$4:$D$18,MATCH($G25,Cluster_Master!$B$4:$B$18,0)),"") -> Kahtan Tikriti | K25: =IFERROR(INDEX(Cluster_Master!$E$4:$E$18,MATCH($G25,Cluster_Master!$B$4:$B$18,0)),"") -> Michael Ghali | L25: =IFERROR(INDEX(Cluster_Master!$F$4:$F$18,MATCH($G25,Cluster_Master!$B$4:$B$18,0)),"") -> Robair Louies | M25: =IFERROR(INDEX(Cluster_Master!$G$4:$G$18,MATCH($G25,Cluster_Master!$B$4:$B$18,0)),"") -> Mazen Al Atwani | N25: =IFERROR(INDEX(Cluster_Master!$H$4:$H$18,MATCH($G25,Cluster_Master!$B$4:$B$18,0)),"") -> 0 | S25: Other | T25: YES | U25: 4 | V25: 4 | W25: 4 | Z25: 2 | AA25: 2 | AB25: 3 | AD25: 3 | AE25: 3 | AF25: 4 | AG25: 3 | AH25: 2 | AI25: 2 | AJ25: =IF(COUNTA(U25:AI25)=0,"",SUM(U25:AI25)) -> 36 | AK25: =IF(COUNTA(U25:AI25)=0,"",AJ25/75) -> 0.48 | AL25: =IF(COUNTA(U25:AI25)=0,"",(SUM(U25*KPI_Weights!$B$4,V25*KPI_Weights!$B$5,W25*KPI_Weights!$B$6,X25*KPI_Weights!$B$7,Y25*KPI_Weights!$B$8,Z25*KPI_Weights!$B$9,AA25*KPI_Weights!$B$10,AB25*KPI_Weights!$B$11,AC25*KPI_Weights!$B$12,AD25*KPI_Weights!$B$13,AE25*KPI_Weights!$B$14,AF25*KPI_Weights!$B$15,AG25*KPI_Weights!$B$16,AH25*KPI_Weights!$B$17,AI25*KPI_Weights!$B$18))/5) -> 0.45 | AM25: =IF(COUNTA(U25:AI25)=0,"",IF(OR(U25<=1,X25<=1,Y25<=1,Z25<=1,AC25<=1),"YES","NO")) -> YES | AN25: =IF(AK25="","",IF(AND(AM25="NO",AK25>=0.75),"YES","NO")) -> NO | AO25: =IF(AK25="","",IF(AK25<0.4,"Critical",IF(AK25<0.6,"Poor",IF(AK25<0.75,"Needs Improvement",IF(AK25<0.9,"Good","Excellent"))))) -> Poor | AP25: YES | AQ25: Poor supervision | AR25: • Lack of inspection • Inadequate supervision • PTW implementation | AS25: • Work suspended for steel fixing , inside villa with yellow or red flags • Permit suspended for all the villa with no adequat flagging system | AT25: • • Provide safe and proper access platforms (working platforms, access scaffolds, or mobile platforms) before starting rebar activities. • • Ensure ladders and stairs are of industrial grade, secured, and positioned at safe angles. • • Install temporary working platforms with guardrails where rebar work is done at height. • • Conduct Task Risk Assessment (TRA) specifically for rebar activities before work starts. • • Assign a competent supervisor to verify access arrangements daily. • • Include access requirements in the method statement and toolbox talks. • • Stop work immediately if safe access is not available. | AV25: Construction manager Project Engineer | AW25: 46129 | AX25: Asite Reff provided
A26: SIDPW-BW-KEO-ZZ-ZZ-XX-RP-HS-00203 | B26: 46120 | C26: =IF($B26="","",WEEKNUM($B26,2)) -> 15 | E26: =IF($B26="","",TEXT($B26,"yyyy-mm")) -> 2026-04 | F26: 2 | G26: Cluster 8B | H26: =IF(OR($F26="",$G26=""),"",IFERROR(IF($F26=INDEX(Cluster_Master!$A$4:$A$18,MATCH($G26,Cluster_Master!$B$4:$B$18,0)),"OK","CHECK"),"CHECK")) -> OK | I26: =IFERROR(INDEX(Cluster_Master!$C$4:$C$18,MATCH($G26,Cluster_Master!$B$4:$B$18,0)),"") -> TAJV | J26: =IFERROR(INDEX(Cluster_Master!$D$4:$D$18,MATCH($G26,Cluster_Master!$B$4:$B$18,0)),"") -> Hicham Adel Narch | K26: =IFERROR(INDEX(Cluster_Master!$E$4:$E$18,MATCH($G26,Cluster_Master!$B$4:$B$18,0)),"") -> Ghaidh Alfaour | L26: =IFERROR(INDEX(Cluster_Master!$F$4:$F$18,MATCH($G26,Cluster_Master!$B$4:$B$18,0)),"") -> Mohamed Salama | M26: =IFERROR(INDEX(Cluster_Master!$G$4:$G$18,MATCH($G26,Cluster_Master!$B$4:$B$18,0)),"") -> Timur | N26: =IFERROR(INDEX(Cluster_Master!$H$4:$H$18,MATCH($G26,Cluster_Master!$B$4:$B$18,0)),"") -> Ahmad Adel | O26: Abdul Monem | P26: KEO | Q26: General | S26: Excavation | T26: NO | U26: 3.5 | V26: 4 | W26: 3 | X26: 2 | Y26: 3 | Z26: 3 | AA26: 2 | AB26: 2 | AC26: 4 | AD26: 4 | AE26: 4 | AF26: 4 | AG26: 3 | AH26: 3 | AI26: 4 | AJ26: =IF(COUNTA(U26:AI26)=0,"",SUM(U26:AI26)) -> 48.5 | AK26: =IF(COUNTA(U26:AI26)=0,"",AJ26/75) -> 0.64666667 | AL26: =IF(COUNTA(U26:AI26)=0,"",(SUM(U26*KPI_Weights!$B$4,V26*KPI_Weights!$B$5,W26*KPI_Weights!$B$6,X26*KPI_Weights!$B$7,Y26*KPI_Weights!$B$8,Z26*KPI_Weights!$B$9,AA26*KPI_Weights!$B$10,AB26*KPI_Weights!$B$11,AC26*KPI_Weights!$B$12,AD26*KPI_Weights!$B$13,AE26*KPI_Weights!$B$14,AF26*KPI_Weights!$B$15,AG26*KPI_Weights!$B$16,AH26*KPI_Weights!$B$17,AI26*KPI_Weights!$B$18))/5) -> 0.658 | AM26: =IF(COUNTA(U26:AI26)=0,"",IF(OR(U26<=1,X26<=1,Y26<=1,Z26<=1,AC26<=1),"YES","NO")) -> NO | AN26: =IF(AK26="","",IF(AND(AM26="NO",AK26>=0.75),"YES","NO")) -> NO | AO26: =IF(AK26="","",IF(AK26<0.4,"Critical",IF(AK26<0.6,"Poor",IF(AK26<0.75,"Needs Improvement",IF(AK26<0.9,"Good","Excellent"))))) -> Needs Improvement | AP26: YES | AQ26: Poor supervision | AR26: PTW Implementation Inadequate Supervison | AS26: Adivised supervsison team to adress all concerns raised by KEO | AV26: Construction manager Project Engineer | AW26: 46124 | AX26: Asite Reff provided
A27: SIDPW-BW-KEO-ZZ-ZZ-XX-RP-HS-00204 | B27: 46120 | C27: =IF($B27="","",WEEKNUM($B27,2)) -> 15 | E27: =IF($B27="","",TEXT($B27,"yyyy-mm")) -> 2026-04 | F27: 4 | G27: Cluster 2B | H27: =IF(OR($F27="",$G27=""),"",IFERROR(IF($F27=INDEX(Cluster_Master!$A$4:$A$18,MATCH($G27,Cluster_Master!$B$4:$B$18,0)),"OK","CHECK"),"CHECK")) -> OK | I27: =IFERROR(INDEX(Cluster_Master!$C$4:$C$18,MATCH($G27,Cluster_Master!$B$4:$B$18,0)),"") -> TAJV | J27: =IFERROR(INDEX(Cluster_Master!$D$4:$D$18,MATCH($G27,Cluster_Master!$B$4:$B$18,0)),"") -> Hicham Adel Narch | K27: =IFERROR(INDEX(Cluster_Master!$E$4:$E$18,MATCH($G27,Cluster_Master!$B$4:$B$18,0)),"") -> Ghaidh Alfaour | L27: =IFERROR(INDEX(Cluster_Master!$F$4:$F$18,MATCH($G27,Cluster_Master!$B$4:$B$18,0)),"") -> Ahmed Salah Hassan Dewidar | M27: =IFERROR(INDEX(Cluster_Master!$G$4:$G$18,MATCH($G27,Cluster_Master!$B$4:$B$18,0)),"") -> Timur Terakopov | N27: =IFERROR(INDEX(Cluster_Master!$H$4:$H$18,MATCH($G27,Cluster_Master!$B$4:$B$18,0)),"") -> Rami Issa | O27: Jackson | P27: KEO | Q27: General | S27: Work at Height | T27: YES | U27: 3 | V27: 3 | W27: 2.5 | X27: 3 | Y27: 3 | Z27: 4 | AA27: 4 | AB27: 4 | AC27: 2.5 | AD27: 3.5 | AE27: 2 | AF27: 4 | AG27: 3.5 | AH27: 3 | AI27: 3.5 | AJ27: =IF(COUNTA(U27:AI27)=0,"",SUM(U27:AI27)) -> 48.5 | AK27: =IF(COUNTA(U27:AI27)=0,"",AJ27/75) -> 0.64666667 | AL27: =IF(COUNTA(U27:AI27)=0,"",(SUM(U27*KPI_Weights!$B$4,V27*KPI_Weights!$B$5,W27*KPI_Weights!$B$6,X27*KPI_Weights!$B$7,Y27*KPI_Weights!$B$8,Z27*KPI_Weights!$B$9,AA27*KPI_Weights!$B$10,AB27*KPI_Weights!$B$11,AC27*KPI_Weights!$B$12,AD27*KPI_Weights!$B$13,AE27*KPI_Weights!$B$14,AF27*KPI_Weights!$B$15,AG27*KPI_Weights!$B$16,AH27*KPI_Weights!$B$17,AI27*KPI_Weights!$B$18))/5) -> 0.636 | AM27: =IF(COUNTA(U27:AI27)=0,"",IF(OR(U27<=1,X27<=1,Y27<=1,Z27<=1,AC27<=1),"YES","NO")) -> NO | AN27: =IF(AK27="","",IF(AND(AM27="NO",AK27>=0.75),"YES","NO")) -> NO | AO27: =IF(AK27="","",IF(AK27<0.4,"Critical",IF(AK27<0.6,"Poor",IF(AK27<0.75,"Needs Improvement",IF(AK27<0.9,"Good","Excellent"))))) -> Needs Improvement | AP27: YES | AQ27: Poor supervision | AR27: Lack of inspection Inadequate Supervison | AS27: Leading edge activities which was carried out unsafely has been suspended . Instructed contractor to provide adequate edge proetction. | AV27: Construciton manager | AW27: 46124 | AX27: Asite Reff provided
A28: SIDPW-BW-KEO-ZZ-ZZ-XX-RP-HS-00205 | B28: 46122 | C28: =IF($B28="","",WEEKNUM($B28,2)) -> 15 | E28: =IF($B28="","",TEXT($B28,"yyyy-mm")) -> 2026-04 | F28: 2 | G28: Cluster 8B | H28: =IF(OR($F28="",$G28=""),"",IFERROR(IF($F28=INDEX(Cluster_Master!$A$4:$A$18,MATCH($G28,Cluster_Master!$B$4:$B$18,0)),"OK","CHECK"),"CHECK")) -> OK | I28: =IFERROR(INDEX(Cluster_Master!$C$4:$C$18,MATCH($G28,Cluster_Master!$B$4:$B$18,0)),"") -> TAJV | J28: =IFERROR(INDEX(Cluster_Master!$D$4:$D$18,MATCH($G28,Cluster_Master!$B$4:$B$18,0)),"") -> Hicham Adel Narch | K28: =IFERROR(INDEX(Cluster_Master!$E$4:$E$18,MATCH($G28,Cluster_Master!$B$4:$B$18,0)),"") -> Ghaidh Alfaour | L28: =IFERROR(INDEX(Cluster_Master!$F$4:$F$18,MATCH($G28,Cluster_Master!$B$4:$B$18,0)),"") -> Mohamed Salama | M28: =IFERROR(INDEX(Cluster_Master!$G$4:$G$18,MATCH($G28,Cluster_Master!$B$4:$B$18,0)),"") -> Timur | N28: =IFERROR(INDEX(Cluster_Master!$H$4:$H$18,MATCH($G28,Cluster_Master!$B$4:$B$18,0)),"") -> Ahmad Adel | O28: Abdel Monem | P28: KEO | Q28: General | S28: Excavation | T28: YES | U28: 3 | V28: 3.5 | W28: 4 | X28: 3 | Y28: 3 | Z28: 3 | AA28: 3 | AB28: 3 | AC28: 4 | AD28: 3 | AE28: 3 | AF28: 4 | AG28: 3.5 | AH28: 3.5 | AI28: 4 | AJ28: =IF(COUNTA(U28:AI28)=0,"",SUM(U28:AI28)) -> 50.5 | AK28: =IF(COUNTA(U28:AI28)=0,"",AJ28/75) -> 0.67333333 | AL28: =IF(COUNTA(U28:AI28)=0,"",(SUM(U28*KPI_Weights!$B$4,V28*KPI_Weights!$B$5,W28*KPI_Weights!$B$6,X28*KPI_Weights!$B$7,Y28*KPI_Weights!$B$8,Z28*KPI_Weights!$B$9,AA28*KPI_Weights!$B$10,AB28*KPI_Weights!$B$11,AC28*KPI_Weights!$B$12,AD28*KPI_Weights!$B$13,AE28*KPI_Weights!$B$14,AF28*KPI_Weights!$B$15,AG28*KPI_Weights!$B$16,AH28*KPI_Weights!$B$17,AI28*KPI_Weights!$B$18))/5) -> 0.668 | AM28: =IF(COUNTA(U28:AI28)=0,"",IF(OR(U28<=1,X28<=1,Y28<=1,Z28<=1,AC28<=1),"YES","NO")) -> NO | AN28: =IF(AK28="","",IF(AND(AM28="NO",AK28>=0.75),"YES","NO")) -> NO | AO28: =IF(AK28="","",IF(AK28<0.4,"Critical",IF(AK28<0.6,"Poor",IF(AK28<0.75,"Needs Improvement",IF(AK28<0.9,"Good","Excellent"))))) -> Needs Improvement | AP28: YES | AQ28: Poor supervision | AR28: Lack of inspection Inadequate Supervison | AS28: Boundry wall excavation has been suspended and corrective actions are communicated with action owners. | AT28: Close competent supervision & PTW & MSRA requirements shall be implemented | AV28: Construciton manager | AW28: 46125 | AX28: Asite Reff provided
A29: SIDP3-BW-KEO-ZZ-ZZ-XX-RP-HS-00206 | B29: 46120 | C29: =IF($B29="","",WEEKNUM($B29,2)) -> 15 | E29: =IF($B29="","",TEXT($B29,"yyyy-mm")) -> 2026-04 | F29: 2 | G29: Cluster 8C | H29: =IF(OR($F29="",$G29=""),"",IFERROR(IF($F29=INDEX(Cluster_Master!$A$4:$A$18,MATCH($G29,Cluster_Master!$B$4:$B$18,0)),"OK","CHECK"),"CHECK")) -> OK | I29: =IFERROR(INDEX(Cluster_Master!$C$4:$C$18,MATCH($G29,Cluster_Master!$B$4:$B$18,0)),"") -> TAJV | J29: =IFERROR(INDEX(Cluster_Master!$D$4:$D$18,MATCH($G29,Cluster_Master!$B$4:$B$18,0)),"") -> Hicham Adel Narch | K29: =IFERROR(INDEX(Cluster_Master!$E$4:$E$18,MATCH($G29,Cluster_Master!$B$4:$B$18,0)),"") -> Ghaidh Alfaour | L29: =IFERROR(INDEX(Cluster_Master!$F$4:$F$18,MATCH($G29,Cluster_Master!$B$4:$B$18,0)),"") -> George Deeb | M29: =IFERROR(INDEX(Cluster_Master!$G$4:$G$18,MATCH($G29,Cluster_Master!$B$4:$B$18,0)),"") -> Timur | N29: =IFERROR(INDEX(Cluster_Master!$H$4:$H$18,MATCH($G29,Cluster_Master!$B$4:$B$18,0)),"") -> Ahmad Adel | O29: Jackson | P29: KEO | Q29: General | S29: Work at Height | T29: YES | U29: 2.5 | V29: 2.5 | W29: 3 | X29: 3.5 | Y29: 2.5 | Z29: 2 | AA29: 2 | AB29: 4 | AC29: 4 | AD29: 4 | AE29: 4 | AF29: 4 | AG29: 3 | AH29: 2.5 | AI29: 2.5 | AJ29: =IF(COUNTA(U29:AI29)=0,"",SUM(U29:AI29)) -> 46 | AK29: =IF(COUNTA(U29:AI29)=0,"",AJ29/75) -> 0.61333333 | AL29: =IF(COUNTA(U29:AI29)=0,"",(SUM(U29*KPI_Weights!$B$4,V29*KPI_Weights!$B$5,W29*KPI_Weights!$B$6,X29*KPI_Weights!$B$7,Y29*KPI_Weights!$B$8,Z29*KPI_Weights!$B$9,AA29*KPI_Weights!$B$10,AB29*KPI_Weights!$B$11,AC29*KPI_Weights!$B$12,AD29*KPI_Weights!$B$13,AE29*KPI_Weights!$B$14,AF29*KPI_Weights!$B$15,AG29*KPI_Weights!$B$16,AH29*KPI_Weights!$B$17,AI29*KPI_Weights!$B$18))/5) -> 0.587 | AM29: =IF(COUNTA(U29:AI29)=0,"",IF(OR(U29<=1,X29<=1,Y29<=1,Z29<=1,AC29<=1),"YES","NO")) -> NO | AN29: =IF(AK29="","",IF(AND(AM29="NO",AK29>=0.75),"YES","NO")) -> NO | AO29: =IF(AK29="","",IF(AK29<0.4,"Critical",IF(AK29<0.6,"Poor",IF(AK29<0.75,"Needs Improvement",IF(AK29<0.9,"Good","Excellent"))))) -> Needs Improvement | AP29: YES | AQ29: Poor subcontractor control | AR29: Inadequate supervsion | AS29: Activity has been suspended and instructed contractor to verify the working platform | AT29: Close competent supervision & PTW & MSRA requirements shall be implemented | AV29: Construciton manager | AW29: 46123 | AX29: Asite Reff provided
A30: SIDP3-BW-KEO-ZZ-ZZ-XX-WR-HS-00090 | B30: 46114 | C30: =IF($B30="","",WEEKNUM($B30,2)) -> 14 | E30: =IF($B30="","",TEXT($B30,"yyyy-mm")) -> 2026-04 | F30: 4 | G30: Cluster 2A | H30: =IF(OR($F30="",$G30=""),"",IFERROR(IF($F30=INDEX(Cluster_Master!$A$4:$A$18,MATCH($G30,Cluster_Master!$B$4:$B$18,0)),"OK","CHECK"),"CHECK")) -> OK | I30: =IFERROR(INDEX(Cluster_Master!$C$4:$C$18,MATCH($G30,Cluster_Master!$B$4:$B$18,0)),"") -> TAJV | J30: =IFERROR(INDEX(Cluster_Master!$D$4:$D$18,MATCH($G30,Cluster_Master!$B$4:$B$18,0)),"") -> Hicham Adel Narch | K30: =IFERROR(INDEX(Cluster_Master!$E$4:$E$18,MATCH($G30,Cluster_Master!$B$4:$B$18,0)),"") -> Ghaidh Alfaour | L30: =IFERROR(INDEX(Cluster_Master!$F$4:$F$18,MATCH($G30,Cluster_Master!$B$4:$B$18,0)),"") -> Ahmed Salah Hassan Dewidar | M30: =IFERROR(INDEX(Cluster_Master!$G$4:$G$18,MATCH($G30,Cluster_Master!$B$4:$B$18,0)),"") -> Timur Terakopov | N30: =IFERROR(INDEX(Cluster_Master!$H$4:$H$18,MATCH($G30,Cluster_Master!$B$4:$B$18,0)),"") -> Rami Issa | O30: Javed | P30: KEO | Q30: General | S30: Permit to Work | T30: YES | U30: 3 | V30: 3 | W30: 3.5 | X30: 3 | Y30: 3 | Z30: 2 | AA30: 2 | AB30: 4 | AC30: 3 | AD30: 4 | AE30: 3.5 | AF30: 4 | AG30: 3 | AH30: 2 | AI30: 3 | AJ30: =IF(COUNTA(U30:AI30)=0,"",SUM(U30:AI30)) -> 46 | AK30: =IF(COUNTA(U30:AI30)=0,"",AJ30/75) -> 0.61333333 | AL30: =IF(COUNTA(U30:AI30)=0,"",(SUM(U30*KPI_Weights!$B$4,V30*KPI_Weights!$B$5,W30*KPI_Weights!$B$6,X30*KPI_Weights!$B$7,Y30*KPI_Weights!$B$8,Z30*KPI_Weights!$B$9,AA30*KPI_Weights!$B$10,AB30*KPI_Weights!$B$11,AC30*KPI_Weights!$B$12,AD30*KPI_Weights!$B$13,AE30*KPI_Weights!$B$14,AF30*KPI_Weights!$B$15,AG30*KPI_Weights!$B$16,AH30*KPI_Weights!$B$17,AI30*KPI_Weights!$B$18))/5) -> 0.598 | AM30: =IF(COUNTA(U30:AI30)=0,"",IF(OR(U30<=1,X30<=1,Y30<=1,Z30<=1,AC30<=1),"YES","NO")) -> NO | AN30: =IF(AK30="","",IF(AND(AM30="NO",AK30>=0.75),"YES","NO")) -> NO | AO30: =IF(AK30="","",IF(AK30<0.4,"Critical",IF(AK30<0.6,"Poor",IF(AK30<0.75,"Needs Improvement",IF(AK30<0.9,"Good","Excellent"))))) -> Needs Improvement | AP30: YES | AQ30: Poor subcontractor control | AR30: Inadequate supervsion Poor Planning | AS30: PTW Cancelled | AT30: Close competent supervision & PTW & MSRA requirements shall be implemented | AV30: Construciton manager | AW30: 46118 | AX30: Asite Reff provided
A31: SIDPW-BW-KEO-ZZ-ZZ-XX-RP-HS-00207 | B31: 46121 | C31: =IF($B31="","",WEEKNUM($B31,2)) -> 15 | E31: =IF($B31="","",TEXT($B31,"yyyy-mm")) -> 2026-04 | F31: 2 | G31: Cluster 8A | H31: =IF(OR($F31="",$G31=""),"",IFERROR(IF($F31=INDEX(Cluster_Master!$A$4:$A$18,MATCH($G31,Cluster_Master!$B$4:$B$18,0)),"OK","CHECK"),"CHECK")) -> OK | I31: =IFERROR(INDEX(Cluster_Master!$C$4:$C$18,MATCH($G31,Cluster_Master!$B$4:$B$18,0)),"") -> TAJV | J31: =IFERROR(INDEX(Cluster_Master!$D$4:$D$18,MATCH($G31,Cluster_Master!$B$4:$B$18,0)),"") -> Hicham Adel Narch | K31: =IFERROR(INDEX(Cluster_Master!$E$4:$E$18,MATCH($G31,Cluster_Master!$B$4:$B$18,0)),"") -> Ghaidh Alfaour | L31: =IFERROR(INDEX(Cluster_Master!$F$4:$F$18,MATCH($G31,Cluster_Master!$B$4:$B$18,0)),"") -> Mohamed Salama | M31: =IFERROR(INDEX(Cluster_Master!$G$4:$G$18,MATCH($G31,Cluster_Master!$B$4:$B$18,0)),"") -> Timur | N31: =IFERROR(INDEX(Cluster_Master!$H$4:$H$18,MATCH($G31,Cluster_Master!$B$4:$B$18,0)),"") -> Ahmad Adel | O31: Abdel Monem | P31: KEO | Q31: General | S31: Excavation | T31: YES | U31: 3 | V31: 3.5 | W31: 2.5 | X31: 2.5 | Y31: 2.5 | Z31: 3 | AA31: 3 | AB31: 4 | AC31: 3 | AD31: 4 | AE31: 2.5 | AF31: 4 | AG31: 3 | AH31: 3 | AI31: 3.5 | AJ31: =IF(COUNTA(U31:AI31)=0,"",SUM(U31:AI31)) -> 47 | AK31: =IF(COUNTA(U31:AI31)=0,"",AJ31/75) -> 0.62666667 | AL31: =IF(COUNTA(U31:AI31)=0,"",(SUM(U31*KPI_Weights!$B$4,V31*KPI_Weights!$B$5,W31*KPI_Weights!$B$6,X31*KPI_Weights!$B$7,Y31*KPI_Weights!$B$8,Z31*KPI_Weights!$B$9,AA31*KPI_Weights!$B$10,AB31*KPI_Weights!$B$11,AC31*KPI_Weights!$B$12,AD31*KPI_Weights!$B$13,AE31*KPI_Weights!$B$14,AF31*KPI_Weights!$B$15,AG31*KPI_Weights!$B$16,AH31*KPI_Weights!$B$17,AI31*KPI_Weights!$B$18))/5) -> 0.616 | AM31: =IF(COUNTA(U31:AI31)=0,"",IF(OR(U31<=1,X31<=1,Y31<=1,Z31<=1,AC31<=1),"YES","NO")) -> NO | AN31: =IF(AK31="","",IF(AND(AM31="NO",AK31>=0.75),"YES","NO")) -> NO | AO31: =IF(AK31="","",IF(AK31<0.4,"Critical",IF(AK31<0.6,"Poor",IF(AK31<0.75,"Needs Improvement",IF(AK31<0.9,"Good","Excellent"))))) -> Needs Improvement | AP31: YES | AQ31: Poor supervision | AR31: Inadequate supervsion Poor Planning | AS31: Boundry wall excavation has been suspended and corrective actions are communicated with action owners. | AT31: Close competent supervision & PTW & MSRA requirements shall be implemented | AV31: Construciton manager | AW31: 46125 | AX31: Asite Reff provided
A32: SIDP3-BW-KEO-ZZ-ZZ-XX-RP-HS-00167 | B32: 46123 | C32: =IF($B32="","",WEEKNUM($B32,2)) -> 15 | E32: =IF($B32="","",TEXT($B32,"yyyy-mm")) -> 2026-04 | F32: 3 | G32: Cluster 6 | H32: =IF(OR($F32="",$G32=""),"",IFERROR(IF($F32=INDEX(Cluster_Master!$A$4:$A$18,MATCH($G32,Cluster_Master!$B$4:$B$18,0)),"OK","CHECK"),"CHECK")) -> OK | I32: =IFERROR(INDEX(Cluster_Master!$C$4:$C$18,MATCH($G32,Cluster_Master!$B$4:$B$18,0)),"") -> INNOVO | J32: =IFERROR(INDEX(Cluster_Master!$D$4:$D$18,MATCH($G32,Cluster_Master!$B$4:$B$18,0)),"") -> Kahtan Tikriti | K32: =IFERROR(INDEX(Cluster_Master!$E$4:$E$18,MATCH($G32,Cluster_Master!$B$4:$B$18,0)),"") -> Michael Ghali | L32: =IFERROR(INDEX(Cluster_Master!$F$4:$F$18,MATCH($G32,Cluster_Master!$B$4:$B$18,0)),"") -> Remon Karas | M32: =IFERROR(INDEX(Cluster_Master!$G$4:$G$18,MATCH($G32,Cluster_Master!$B$4:$B$18,0)),"") -> Mazen Al Atwani | N32: =IFERROR(INDEX(Cluster_Master!$H$4:$H$18,MATCH($G32,Cluster_Master!$B$4:$B$18,0)),"") -> 0 | O32: Shinoj M | P32: KEO | Q32: Block 01 | S32: Electrical Safety | T32: NO | U32: 3 | V32: 4 | W32: 4 | X32: 3 | Y32: 4 | Z32: 3 | AA32: 4 | AB32: 4 | AC32: 4 | AD32: 3 | AE32: 4 | AF32: 4 | AG32: 4 | AH32: 3 | AI32: 3 | AJ32: =IF(COUNTA(U32:AI32)=0,"",SUM(U32:AI32)) -> 54 | AK32: =IF(COUNTA(U32:AI32)=0,"",AJ32/75) -> 0.72 | AL32: =IF(COUNTA(U32:AI32)=0,"",(SUM(U32*KPI_Weights!$B$4,V32*KPI_Weights!$B$5,W32*KPI_Weights!$B$6,X32*KPI_Weights!$B$7,Y32*KPI_Weights!$B$8,Z32*KPI_Weights!$B$9,AA32*KPI_Weights!$B$10,AB32*KPI_Weights!$B$11,AC32*KPI_Weights!$B$12,AD32*KPI_Weights!$B$13,AE32*KPI_Weights!$B$14,AF32*KPI_Weights!$B$15,AG32*KPI_Weights!$B$16,AH32*KPI_Weights!$B$17,AI32*KPI_Weights!$B$18))/5) -> 0.714 | AM32: =IF(COUNTA(U32:AI32)=0,"",IF(OR(U32<=1,X32<=1,Y32<=1,Z32<=1,AC32<=1),"YES","NO")) -> NO | AN32: =IF(AK32="","",IF(AND(AM32="NO",AK32>=0.75),"YES","NO")) -> NO | AO32: =IF(AK32="","",IF(AK32<0.4,"Critical",IF(AK32<0.6,"Poor",IF(AK32<0.75,"Needs Improvement",IF(AK32<0.9,"Good","Excellent"))))) -> Needs Improvement | AP32: YES | AQ32: Poor subcontractor control | AR32: 1. PTW implementation 2 . Training and awareness 3. inspection | AS32: 1. Removed the non - inducted peolple from the site 2. Instructed to appoint a resource for access arrangements 3. Advised the engineer to allocate electricians to conduct DB inspection | AT32: 1. Pre-plan the activities to avoid SIMOS 2. Assess the adequacy of the inspection team 3. Conduct preventive maintenance | AV32: 1. Construction Manager 2. Project Engineer 3. OHS | AX32: Asite Reff provided
A33: SIDP3-BW-KEO-ZZ-ZZ-XX-RP-HS-00168 | B33: 46123 | C33: =IF($B33="","",WEEKNUM($B33,2)) -> 15 | E33: =IF($B33="","",TEXT($B33,"yyyy-mm")) -> 2026-04 | F33: 3 | G33: Cluster 3 | H33: =IF(OR($F33="",$G33=""),"",IFERROR(IF($F33=INDEX(Cluster_Master!$A$4:$A$18,MATCH($G33,Cluster_Master!$B$4:$B$18,0)),"OK","CHECK"),"CHECK")) -> OK | I33: =IFERROR(INDEX(Cluster_Master!$C$4:$C$18,MATCH($G33,Cluster_Master!$B$4:$B$18,0)),"") -> INNOVO | J33: =IFERROR(INDEX(Cluster_Master!$D$4:$D$18,MATCH($G33,Cluster_Master!$B$4:$B$18,0)),"") -> Kahtan Tikriti | K33: =IFERROR(INDEX(Cluster_Master!$E$4:$E$18,MATCH($G33,Cluster_Master!$B$4:$B$18,0)),"") -> Aiman Abdullah | L33: =IFERROR(INDEX(Cluster_Master!$F$4:$F$18,MATCH($G33,Cluster_Master!$B$4:$B$18,0)),"") -> Salama Al Samdy | M33: =IFERROR(INDEX(Cluster_Master!$G$4:$G$18,MATCH($G33,Cluster_Master!$B$4:$B$18,0)),"") -> Mazen Al Atwani | N33: =IFERROR(INDEX(Cluster_Master!$H$4:$H$18,MATCH($G33,Cluster_Master!$B$4:$B$18,0)),"") -> 0 | O33: Shinoj M | P33: KEO | Q33: General | S33: Traffic Management | T33: NO | U33: 3 | V33: 3 | W33: 4 | X33: 3 | Y33: 2 | Z33: 3 | AA33: 3 | AB33: 4 | AC33: 3 | AD33: 2 | AE33: 4 | AF33: 4 | AG33: 3 | AH33: 4 | AI33: 3 | AJ33: =IF(COUNTA(U33:AI33)=0,"",SUM(U33:AI33)) -> 48 | AK33: =IF(COUNTA(U33:AI33)=0,"",AJ33/75) -> 0.64 | AL33: =IF(COUNTA(U33:AI33)=0,"",(SUM(U33*KPI_Weights!$B$4,V33*KPI_Weights!$B$5,W33*KPI_Weights!$B$6,X33*KPI_Weights!$B$7,Y33*KPI_Weights!$B$8,Z33*KPI_Weights!$B$9,AA33*KPI_Weights!$B$10,AB33*KPI_Weights!$B$11,AC33*KPI_Weights!$B$12,AD33*KPI_Weights!$B$13,AE33*KPI_Weights!$B$14,AF33*KPI_Weights!$B$15,AG33*KPI_Weights!$B$16,AH33*KPI_Weights!$B$17,AI33*KPI_Weights!$B$18))/5) -> 0.602 | AM33: =IF(COUNTA(U33:AI33)=0,"",IF(OR(U33<=1,X33<=1,Y33<=1,Z33<=1,AC33<=1),"YES","NO")) -> NO | AN33: =IF(AK33="","",IF(AND(AM33="NO",AK33>=0.75),"YES","NO")) -> NO | AO33: =IF(AK33="","",IF(AK33<0.4,"Critical",IF(AK33<0.6,"Poor",IF(AK33<0.75,"Needs Improvement",IF(AK33<0.9,"Good","Excellent"))))) -> Needs Improvement | AP33: YES | AQ33: Poor planning | AR33: 1. Training and Awareness 2. Inadequate planning of activities 3. Inadequate supervision | AS33: 1 Removed persons from areas where inadequate access 2 instructed to provide barricades in open slab edges 3 suspended the scaffolding activities due to a lack of sequence | AT33: 1. Ensure the working platforms are in place as per the MSRA 2 Plan the activities to comply with pedestrian access 3 ensure competent supervision | AV33: 1. Construction Manager 2. Project Engineer 3. OHS | AX33: Asite Reff provided
A34: SIDP3-BW-KEO-ZZ-ZZ-XX-RP-HS-00169 | B34: 46125 | C34: =IF($B34="","",WEEKNUM($B34,2)) -> 16 | E34: =IF($B34="","",TEXT($B34,"yyyy-mm")) -> 2026-04 | F34: 3 | G34: Cluster 4 | H34: =IF(OR($F34="",$G34=""),"",IFERROR(IF($F34=INDEX(Cluster_Master!$A$4:$A$18,MATCH($G34,Cluster_Master!$B$4:$B$18,0)),"OK","CHECK"),"CHECK")) -> OK | I34: =IFERROR(INDEX(Cluster_Master!$C$4:$C$18,MATCH($G34,Cluster_Master!$B$4:$B$18,0)),"") -> INNOVO | J34: =IFERROR(INDEX(Cluster_Master!$D$4:$D$18,MATCH($G34,Cluster_Master!$B$4:$B$18,0)),"") -> Kahtan Tikriti | K34: =IFERROR(INDEX(Cluster_Master!$E$4:$E$18,MATCH($G34,Cluster_Master!$B$4:$B$18,0)),"") -> Aiman Abdullah | L34: =IFERROR(INDEX(Cluster_Master!$F$4:$F$18,MATCH($G34,Cluster_Master!$B$4:$B$18,0)),"") -> Baha Basheer | M34: =IFERROR(INDEX(Cluster_Master!$G$4:$G$18,MATCH($G34,Cluster_Master!$B$4:$B$18,0)),"") -> Mazen Al Atwani | N34: =IFERROR(INDEX(Cluster_Master!$H$4:$H$18,MATCH($G34,Cluster_Master!$B$4:$B$18,0)),"") -> 0 | O34: Shinoj M | P34: KEO | Q34: Block 01 | S34: Permit to Work | T34: YES | U34: 3 | V34: 3.5 | W34: 4 | X34: 3.5 | Y34: 2.5 | Z34: 2 | AA34: 2 | AB34: 4 | AC34: 3 | AD34: 2 | AE34: 2 | AF34: 4 | AG34: 3 | AH34: 2 | AI34: 4 | AJ34: =IF(COUNTA(U34:AI34)=0,"",SUM(U34:AI34)) -> 44.5 | AK34: =IF(COUNTA(U34:AI34)=0,"",AJ34/75) -> 0.59333333 | AL34: =IF(COUNTA(U34:AI34)=0,"",(SUM(U34*KPI_Weights!$B$4,V34*KPI_Weights!$B$5,W34*KPI_Weights!$B$6,X34*KPI_Weights!$B$7,Y34*KPI_Weights!$B$8,Z34*KPI_Weights!$B$9,AA34*KPI_Weights!$B$10,AB34*KPI_Weights!$B$11,AC34*KPI_Weights!$B$12,AD34*KPI_Weights!$B$13,AE34*KPI_Weights!$B$14,AF34*KPI_Weights!$B$15,AG34*KPI_Weights!$B$16,AH34*KPI_Weights!$B$17,AI34*KPI_Weights!$B$18))/5) -> 0.592 | AM34: =IF(COUNTA(U34:AI34)=0,"",IF(OR(U34<=1,X34<=1,Y34<=1,Z34<=1,AC34<=1),"YES","NO")) -> NO | AN34: =IF(AK34="","",IF(AND(AM34="NO",AK34>=0.75),"YES","NO")) -> NO | AO34: =IF(AK34="","",IF(AK34<0.4,"Critical",IF(AK34<0.6,"Poor",IF(AK34<0.75,"Needs Improvement",IF(AK34<0.9,"Good","Excellent"))))) -> Poor | AP34: YES | AQ34: Poor supervision | AR34: 1. Lack of inspections 2. Inadequate supervision 3. Competancy | AS34: 1. Suspended the activities in the affected areas 2 . Instructed the project engineer to arrange safe access to villas | AT34: Conduct training to for permit ( PTW) Ensure adequate supervisors are appointed Competency assesment | AV34: 1. Construction Manager 2. Project Engineer 3. OHS | AX34: Asite Reff provided
A35: SIDP3-BW-KEO-ZZ-ZZ-XX-RP-HS-00170 | B35: 46125 | C35: =IF($B35="","",WEEKNUM($B35,2)) -> 16 | E35: =IF($B35="","",TEXT($B35,"yyyy-mm")) -> 2026-04 | F35: 3 | G35: Cluster 5 | H35: =IF(OR($F35="",$G35=""),"",IFERROR(IF($F35=INDEX(Cluster_Master!$A$4:$A$18,MATCH($G35,Cluster_Master!$B$4:$B$18,0)),"OK","CHECK"),"CHECK")) -> OK | I35: =IFERROR(INDEX(Cluster_Master!$C$4:$C$18,MATCH($G35,Cluster_Master!$B$4:$B$18,0)),"") -> INNOVO | J35: =IFERROR(INDEX(Cluster_Master!$D$4:$D$18,MATCH($G35,Cluster_Master!$B$4:$B$18,0)),"") -> Kahtan Tikriti | K35: =IFERROR(INDEX(Cluster_Master!$E$4:$E$18,MATCH($G35,Cluster_Master!$B$4:$B$18,0)),"") -> Michael Ghali | L35: =IFERROR(INDEX(Cluster_Master!$F$4:$F$18,MATCH($G35,Cluster_Master!$B$4:$B$18,0)),"") -> Robair Louies | M35: =IFERROR(INDEX(Cluster_Master!$G$4:$G$18,MATCH($G35,Cluster_Master!$B$4:$B$18,0)),"") -> Mazen Al Atwani | N35: =IFERROR(INDEX(Cluster_Master!$H$4:$H$18,MATCH($G35,Cluster_Master!$B$4:$B$18,0)),"") -> 0 | O35: Shakir | P35: KEO | Q35: Block 02 | S35: Fire Readiness | T35: YES | U35: 4 | V35: 3 | W35: 3.5 | X35: 3.5 | Y35: 3.5 | Z35: 3 | AA35: 4 | AB35: 4 | AD35: 3 | AE35: 3.5 | AF35: 4 | AG35: 4 | AH35: 4 | AI35: 4 | AJ35: =IF(COUNTA(U35:AI35)=0,"",SUM(U35:AI35)) -> 51 | AK35: =IF(COUNTA(U35:AI35)=0,"",AJ35/75) -> 0.68 | AL35: =IF(COUNTA(U35:AI35)=0,"",(SUM(U35*KPI_Weights!$B$4,V35*KPI_Weights!$B$5,W35*KPI_Weights!$B$6,X35*KPI_Weights!$B$7,Y35*KPI_Weights!$B$8,Z35*KPI_Weights!$B$9,AA35*KPI_Weights!$B$10,AB35*KPI_Weights!$B$11,AC35*KPI_Weights!$B$12,AD35*KPI_Weights!$B$13,AE35*KPI_Weights!$B$14,AF35*KPI_Weights!$B$15,AG35*KPI_Weights!$B$16,AH35*KPI_Weights!$B$17,AI35*KPI_Weights!$B$18))/5) -> 0.642 | AM35: =IF(COUNTA(U35:AI35)=0,"",IF(OR(U35<=1,X35<=1,Y35<=1,Z35<=1,AC35<=1),"YES","NO")) -> YES | AN35: =IF(AK35="","",IF(AND(AM35="NO",AK35>=0.75),"YES","NO")) -> NO | AO35: =IF(AK35="","",IF(AK35<0.4,"Critical",IF(AK35<0.6,"Poor",IF(AK35<0.75,"Needs Improvement",IF(AK35<0.9,"Good","Excellent"))))) -> Needs Improvement | AP35: YES | AQ35: Poor supervision | AR35: • Hot work activities were conducted without a fire watcher. • Smoking was observed in an undesignated area. • Materials were stored inside villas without fire sprinklers or fire extinguishers. | AS35: • Hot work was stopped, unsafe areas were barricaded, and smoking inside the villa was prohibited immediately. Fire extinguishers were provided, and corrective safety measures were instructed for immediate implementation. | AT35: • Enforce strict compliance with hot work permit procedures, including mandatory fire watcher deployment. • Establish and clearly mark designated smoking areas and prohibit smoking outside these zones. • Ensure all excavations, openings, and edges are permanently barricaded with proper signage. • Provide complete edge protection systems, including mesh and toe boards, at all elevated areas. • Restrict material storage inside villas and ensure adequate firefighting equipment is always available. • Conduct regular HSE inspections, toolbox talks, and supervisory monitoring to prevent recurrence. | AV35: senior Project Engineer | AW35: 46129 | AX35: Asite Reff provided
A36: SIDP3-BW-KEO-ZZ-ZZ-XX-RP-HS-00171 | B36: 46127 | C36: =IF($B36="","",WEEKNUM($B36,2)) -> 16 | E36: =IF($B36="","",TEXT($B36,"yyyy-mm")) -> 2026-04 | F36: 3 | G36: Cluster 4 | H36: =IF(OR($F36="",$G36=""),"",IFERROR(IF($F36=INDEX(Cluster_Master!$A$4:$A$18,MATCH($G36,Cluster_Master!$B$4:$B$18,0)),"OK","CHECK"),"CHECK")) -> OK | I36: =IFERROR(INDEX(Cluster_Master!$C$4:$C$18,MATCH($G36,Cluster_Master!$B$4:$B$18,0)),"") -> INNOVO | J36: =IFERROR(INDEX(Cluster_Master!$D$4:$D$18,MATCH($G36,Cluster_Master!$B$4:$B$18,0)),"") -> Kahtan Tikriti | K36: =IFERROR(INDEX(Cluster_Master!$E$4:$E$18,MATCH($G36,Cluster_Master!$B$4:$B$18,0)),"") -> Aiman Abdullah | L36: =IFERROR(INDEX(Cluster_Master!$F$4:$F$18,MATCH($G36,Cluster_Master!$B$4:$B$18,0)),"") -> Baha Basheer | M36: =IFERROR(INDEX(Cluster_Master!$G$4:$G$18,MATCH($G36,Cluster_Master!$B$4:$B$18,0)),"") -> Mazen Al Atwani | N36: =IFERROR(INDEX(Cluster_Master!$H$4:$H$18,MATCH($G36,Cluster_Master!$B$4:$B$18,0)),"") -> 0 | O36: Shakir | P36: KEO | Q36: Block 02 | S36: Work at Height | T36: NO | U36: 4 | V36: 3 | W36: 4 | X36: 4 | Y36: 4 | Z36: 4 | AA36: 4 | AB36: 4 | AC36: 4 | AD36: 3 | AE36: 3 | AF36: 4 | AG36: 3 | AH36: 4 | AI36: 3 | AJ36: =IF(COUNTA(U36:AI36)=0,"",SUM(U36:AI36)) -> 55 | AK36: =IF(COUNTA(U36:AI36)=0,"",AJ36/75) -> 0.73333333 | AL36: =IF(COUNTA(U36:AI36)=0,"",(SUM(U36*KPI_Weights!$B$4,V36*KPI_Weights!$B$5,W36*KPI_Weights!$B$6,X36*KPI_Weights!$B$7,Y36*KPI_Weights!$B$8,Z36*KPI_Weights!$B$9,AA36*KPI_Weights!$B$10,AB36*KPI_Weights!$B$11,AC36*KPI_Weights!$B$12,AD36*KPI_Weights!$B$13,AE36*KPI_Weights!$B$14,AF36*KPI_Weights!$B$15,AG36*KPI_Weights!$B$16,AH36*KPI_Weights!$B$17,AI36*KPI_Weights!$B$18))/5) -> 0.736 | AM36: =IF(COUNTA(U36:AI36)=0,"",IF(OR(U36<=1,X36<=1,Y36<=1,Z36<=1,AC36<=1),"YES","NO")) -> NO | AN36: =IF(AK36="","",IF(AND(AM36="NO",AK36>=0.75),"YES","NO")) -> NO | AO36: =IF(AK36="","",IF(AK36<0.4,"Critical",IF(AK36<0.6,"Poor",IF(AK36<0.75,"Needs Improvement",IF(AK36<0.9,"Good","Excellent"))))) -> Needs Improvement | AQ36: Poor planning | AR36: • Inadequate Edge Protection (Work at Height Risk) • Poor Traffic Management & Pedestrian Segregation • Temporary Electrical & Power Tool Safety Deficiencies | AS36: • Workers without power tool training were suspended • Pedestrian access arrangements made with a soft barrier for the time being | AT36: • Fix edge protection, walkways, and cable routes. • Use only trained and authorized workers. • Do regular safety inspections. | AV36: Construction Manager | AW36: 46134 | AX36: Asite Reff provided
A37: SIDP3-BW-KEO-ZZ-ZZ-XX-RP-HS-00172 | B37: 46127 | C37: =IF($B37="","",WEEKNUM($B37,2)) -> 16 | E37: =IF($B37="","",TEXT($B37,"yyyy-mm")) -> 2026-04 | F37: 3 | G37: Cluster 3 | H37: =IF(OR($F37="",$G37=""),"",IFERROR(IF($F37=INDEX(Cluster_Master!$A$4:$A$18,MATCH($G37,Cluster_Master!$B$4:$B$18,0)),"OK","CHECK"),"CHECK")) -> OK | I37: =IFERROR(INDEX(Cluster_Master!$C$4:$C$18,MATCH($G37,Cluster_Master!$B$4:$B$18,0)),"") -> INNOVO | J37: =IFERROR(INDEX(Cluster_Master!$D$4:$D$18,MATCH($G37,Cluster_Master!$B$4:$B$18,0)),"") -> Kahtan Tikriti | K37: =IFERROR(INDEX(Cluster_Master!$E$4:$E$18,MATCH($G37,Cluster_Master!$B$4:$B$18,0)),"") -> Aiman Abdullah | L37: =IFERROR(INDEX(Cluster_Master!$F$4:$F$18,MATCH($G37,Cluster_Master!$B$4:$B$18,0)),"") -> Salama Al Samdy | M37: =IFERROR(INDEX(Cluster_Master!$G$4:$G$18,MATCH($G37,Cluster_Master!$B$4:$B$18,0)),"") -> Mazen Al Atwani | N37: =IFERROR(INDEX(Cluster_Master!$H$4:$H$18,MATCH($G37,Cluster_Master!$B$4:$B$18,0)),"") -> 0 | O37: Shinoj M | P37: KEO | Q37: Block 01 | S37: Scaffolding | T37: YES | U37: 3 | V37: 4 | W37: 3 | X37: 3 | Y37: 2 | Z37: 4 | AA37: 3 | AB37: 4 | AC37: 3 | AD37: 3 | AE37: 2 | AF37: 4 | AG37: 3 | AH37: 4 | AI37: 3 | AJ37: =IF(COUNTA(U37:AI37)=0,"",SUM(U37:AI37)) -> 48 | AK37: =IF(COUNTA(U37:AI37)=0,"",AJ37/75) -> 0.64 | AL37: =IF(COUNTA(U37:AI37)=0,"",(SUM(U37*KPI_Weights!$B$4,V37*KPI_Weights!$B$5,W37*KPI_Weights!$B$6,X37*KPI_Weights!$B$7,Y37*KPI_Weights!$B$8,Z37*KPI_Weights!$B$9,AA37*KPI_Weights!$B$10,AB37*KPI_Weights!$B$11,AC37*KPI_Weights!$B$12,AD37*KPI_Weights!$B$13,AE37*KPI_Weights!$B$14,AF37*KPI_Weights!$B$15,AG37*KPI_Weights!$B$16,AH37*KPI_Weights!$B$17,AI37*KPI_Weights!$B$18))/5) -> 0.632 | AM37: =IF(COUNTA(U37:AI37)=0,"",IF(OR(U37<=1,X37<=1,Y37<=1,Z37<=1,AC37<=1),"YES","NO")) -> NO | AN37: =IF(AK37="","",IF(AND(AM37="NO",AK37>=0.75),"YES","NO")) -> NO | AO37: =IF(AK37="","",IF(AK37<0.4,"Critical",IF(AK37<0.6,"Poor",IF(AK37<0.75,"Needs Improvement",IF(AK37<0.9,"Good","Excellent"))))) -> Needs Improvement | AP37: YES | AQ37: Inadequate competence | AR37: 1. Subcontractor management 2. inspection and training 3. Housekeeping arrangements | AS37: 1 suspended the activities in the affected areas 2 instructed the engineer to provide barricades 3 Advised INNOVO to inspect the Plant and equipments | AT37: 1. Assess the competency of the execution team 2. Assess the adequacy of resources 3 Conduct routin etraining | AV37: 1. Construction Manager 2. Project Engineer 3. OHS | AX37: Asite Reff provided
A38: SIDPW-BW-KEO-ZZ-ZZ-XX-RP-HS-00209 | B38: 46122 | C38: =IF($B38="","",WEEKNUM($B38,2)) -> 15 | E38: =IF($B38="","",TEXT($B38,"yyyy-mm")) -> 2026-04 | F38: 2 | G38: Cluster 7A | H38: =IF(OR($F38="",$G38=""),"",IFERROR(IF($F38=INDEX(Cluster_Master!$A$4:$A$18,MATCH($G38,Cluster_Master!$B$4:$B$18,0)),"OK","CHECK"),"CHECK")) -> OK | I38: =IFERROR(INDEX(Cluster_Master!$C$4:$C$18,MATCH($G38,Cluster_Master!$B$4:$B$18,0)),"") -> TAJV | J38: =IFERROR(INDEX(Cluster_Master!$D$4:$D$18,MATCH($G38,Cluster_Master!$B$4:$B$18,0)),"") -> Hicham Adel Narch | K38: =IFERROR(INDEX(Cluster_Master!$E$4:$E$18,MATCH($G38,Cluster_Master!$B$4:$B$18,0)),"") -> Ghaidh Alfaour | L38: =IFERROR(INDEX(Cluster_Master!$F$4:$F$18,MATCH($G38,Cluster_Master!$B$4:$B$18,0)),"") -> George Deeb | M38: =IFERROR(INDEX(Cluster_Master!$G$4:$G$18,MATCH($G38,Cluster_Master!$B$4:$B$18,0)),"") -> Timur | N38: =IFERROR(INDEX(Cluster_Master!$H$4:$H$18,MATCH($G38,Cluster_Master!$B$4:$B$18,0)),"") -> Liqat | O38: Jackson | P38: KEO | Q38: General | S38: Work at Height | T38: YES | U38: 2.5 | V38: 4 | W38: 4 | X38: 3.5 | Y38: 2.5 | Z38: 2.5 | AA38: 2 | AB38: 4 | AC38: 4 | AD38: 4 | AE38: 4 | AF38: 2 | AG38: 2.5 | AH38: 2.5 | AI38: 3.5 | AJ38: =IF(COUNTA(U38:AI38)=0,"",SUM(U38:AI38)) -> 47.5 | AK38: =IF(COUNTA(U38:AI38)=0,"",AJ38/75) -> 0.63333333 | AL38: =IF(COUNTA(U38:AI38)=0,"",(SUM(U38*KPI_Weights!$B$4,V38*KPI_Weights!$B$5,W38*KPI_Weights!$B$6,X38*KPI_Weights!$B$7,Y38*KPI_Weights!$B$8,Z38*KPI_Weights!$B$9,AA38*KPI_Weights!$B$10,AB38*KPI_Weights!$B$11,AC38*KPI_Weights!$B$12,AD38*KPI_Weights!$B$13,AE38*KPI_Weights!$B$14,AF38*KPI_Weights!$B$15,AG38*KPI_Weights!$B$16,AH38*KPI_Weights!$B$17,AI38*KPI_Weights!$B$18))/5) -> 0.636 | AM38: =IF(COUNTA(U38:AI38)=0,"",IF(OR(U38<=1,X38<=1,Y38<=1,Z38<=1,AC38<=1),"YES","NO")) -> NO | AN38: =IF(AK38="","",IF(AND(AM38="NO",AK38>=0.75),"YES","NO")) -> NO | AO38: =IF(AK38="","",IF(AK38<0.4,"Critical",IF(AK38<0.6,"Poor",IF(AK38<0.75,"Needs Improvement",IF(AK38<0.9,"Good","Excellent"))))) -> Needs Improvement | AP38: YES | AQ38: Poor subcontractor control | AR38: 1. PTW implementation 2 . Training and awareness 3. Subcontractor control | AS38: Work at height Activities have been suspended | AT38: Close competent supervsion Regular trainings | AV38: Construction Manager | AW38: 46127 | AX38: Asite Reff provided
A39: SIDPW-BW-KEO-ZZ-ZZ-XX-RP-HS-00208 | B39: 46125 | C39: =IF($B39="","",WEEKNUM($B39,2)) -> 16 | E39: =IF($B39="","",TEXT($B39,"yyyy-mm")) -> 2026-04 | F39: 2 | G39: Cluster 8A | H39: =IF(OR($F39="",$G39=""),"",IFERROR(IF($F39=INDEX(Cluster_Master!$A$4:$A$18,MATCH($G39,Cluster_Master!$B$4:$B$18,0)),"OK","CHECK"),"CHECK")) -> OK | I39: =IFERROR(INDEX(Cluster_Master!$C$4:$C$18,MATCH($G39,Cluster_Master!$B$4:$B$18,0)),"") -> TAJV | J39: =IFERROR(INDEX(Cluster_Master!$D$4:$D$18,MATCH($G39,Cluster_Master!$B$4:$B$18,0)),"") -> Hicham Adel Narch | K39: =IFERROR(INDEX(Cluster_Master!$E$4:$E$18,MATCH($G39,Cluster_Master!$B$4:$B$18,0)),"") -> Ghaidh Alfaour | L39: =IFERROR(INDEX(Cluster_Master!$F$4:$F$18,MATCH($G39,Cluster_Master!$B$4:$B$18,0)),"") -> Mohamed Salama | M39: =IFERROR(INDEX(Cluster_Master!$G$4:$G$18,MATCH($G39,Cluster_Master!$B$4:$B$18,0)),"") -> Timur | N39: =IFERROR(INDEX(Cluster_Master!$H$4:$H$18,MATCH($G39,Cluster_Master!$B$4:$B$18,0)),"") -> Ahmad Adel | O39: Abdel Monem | P39: KEO | Q39: General | S39: Excavation | T39: YES | U39: 3 | V39: 3.5 | W39: 3.5 | X39: 2 | Y39: 3 | Z39: 2 | AA39: 2 | AB39: 4 | AC39: 3.5 | AD39: 4 | AE39: 4 | AF39: 4 | AG39: 3 | AH39: 2 | AI39: 3.5 | AJ39: =IF(COUNTA(U39:AI39)=0,"",SUM(U39:AI39)) -> 47 | AK39: =IF(COUNTA(U39:AI39)=0,"",AJ39/75) -> 0.62666667 | AL39: =IF(COUNTA(U39:AI39)=0,"",(SUM(U39*KPI_Weights!$B$4,V39*KPI_Weights!$B$5,W39*KPI_Weights!$B$6,X39*KPI_Weights!$B$7,Y39*KPI_Weights!$B$8,Z39*KPI_Weights!$B$9,AA39*KPI_Weights!$B$10,AB39*KPI_Weights!$B$11,AC39*KPI_Weights!$B$12,AD39*KPI_Weights!$B$13,AE39*KPI_Weights!$B$14,AF39*KPI_Weights!$B$15,AG39*KPI_Weights!$B$16,AH39*KPI_Weights!$B$17,AI39*KPI_Weights!$B$18))/5) -> 0.613 | AM39: =IF(COUNTA(U39:AI39)=0,"",IF(OR(U39<=1,X39<=1,Y39<=1,Z39<=1,AC39<=1),"YES","NO")) -> NO | AN39: =IF(AK39="","",IF(AND(AM39="NO",AK39>=0.75),"YES","NO")) -> NO | AO39: =IF(AK39="","",IF(AK39<0.4,"Critical",IF(AK39<0.6,"Poor",IF(AK39<0.75,"Needs Improvement",IF(AK39<0.9,"Good","Excellent"))))) -> Needs Improvement | AP39: YES | AQ39: Poor supervision | AR39: 1. PTW implementation 2 . Training and awareness 3. MSRA implementaion | AS39: Install proper hard barricades around the excavation area. | AT39: Close competent supervsion Regular trainings | AV39: Construction Manager | AW39: 46129 | AX39: Asite Reff provided
A40: SIDPW-BW-KEO-ZZ-ZZ-XX-RP-HS-00210 | B40: 46125 | C40: =IF($B40="","",WEEKNUM($B40,2)) -> 16 | E40: =IF($B40="","",TEXT($B40,"yyyy-mm")) -> 2026-04 | F40: 4 | G40: Cluster 2A | H40: =IF(OR($F40="",$G40=""),"",IFERROR(IF($F40=INDEX(Cluster_Master!$A$4:$A$18,MATCH($G40,Cluster_Master!$B$4:$B$18,0)),"OK","CHECK"),"CHECK")) -> OK | I40: =IFERROR(INDEX(Cluster_Master!$C$4:$C$18,MATCH($G40,Cluster_Master!$B$4:$B$18,0)),"") -> TAJV | J40: =IFERROR(INDEX(Cluster_Master!$D$4:$D$18,MATCH($G40,Cluster_Master!$B$4:$B$18,0)),"") -> Hicham Adel Narch | K40: =IFERROR(INDEX(Cluster_Master!$E$4:$E$18,MATCH($G40,Cluster_Master!$B$4:$B$18,0)),"") -> Ghaidh Alfaour | L40: =IFERROR(INDEX(Cluster_Master!$F$4:$F$18,MATCH($G40,Cluster_Master!$B$4:$B$18,0)),"") -> Ahmed Salah Hassan Dewidar | M40: =IFERROR(INDEX(Cluster_Master!$G$4:$G$18,MATCH($G40,Cluster_Master!$B$4:$B$18,0)),"") -> Timur Terakopov | N40: =IFERROR(INDEX(Cluster_Master!$H$4:$H$18,MATCH($G40,Cluster_Master!$B$4:$B$18,0)),"") -> Rami Issa | O40: Jackson | P40: KEO | Q40: General | S40: Edge Protection | T40: YES | U40: 2.5 | V40: 2 | W40: 3 | X40: 3 | Y40: 2.5 | Z40: 2 | AA40: 2 | AB40: 3 | AC40: 3 | AD40: 3.5 | AE40: 3 | AF40: 4 | AG40: 3 | AH40: 3 | AI40: 3 | AJ40: =IF(COUNTA(U40:AI40)=0,"",SUM(U40:AI40)) -> 42.5 | AK40: =IF(COUNTA(U40:AI40)=0,"",AJ40/75) -> 0.56666667 | AL40: =IF(COUNTA(U40:AI40)=0,"",(SUM(U40*KPI_Weights!$B$4,V40*KPI_Weights!$B$5,W40*KPI_Weights!$B$6,X40*KPI_Weights!$B$7,Y40*KPI_Weights!$B$8,Z40*KPI_Weights!$B$9,AA40*KPI_Weights!$B$10,AB40*KPI_Weights!$B$11,AC40*KPI_Weights!$B$12,AD40*KPI_Weights!$B$13,AE40*KPI_Weights!$B$14,AF40*KPI_Weights!$B$15,AG40*KPI_Weights!$B$16,AH40*KPI_Weights!$B$17,AI40*KPI_Weights!$B$18))/5) -> 0.538 | AM40: =IF(COUNTA(U40:AI40)=0,"",IF(OR(U40<=1,X40<=1,Y40<=1,Z40<=1,AC40<=1),"YES","NO")) -> NO | AN40: =IF(AK40="","",IF(AND(AM40="NO",AK40>=0.75),"YES","NO")) -> NO | AO40: =IF(AK40="","",IF(AK40<0.4,"Critical",IF(AK40<0.6,"Poor",IF(AK40<0.75,"Needs Improvement",IF(AK40<0.9,"Good","Excellent"))))) -> Poor | AP40: YES | AQ40: Poor supervision | AR40: 1. PTW implementation 2 . Training and awareness 3. MSRA implementaion | AS40: Edge Proetctions shall be reinstated | AT40: Close competent supervsion Regular trainings | AV40: Construction Manager | AW40: 46129 | AX40: Asite Reff provided
A41: SIDPW-BW-KEO-ZZ-ZZ-XX-RP-HS-00211 | B41: 46127 | C41: =IF($B41="","",WEEKNUM($B41,2)) -> 16 | E41: =IF($B41="","",TEXT($B41,"yyyy-mm")) -> 2026-04 | F41: 4 | G41: Cluster 2C | H41: =IF(OR($F41="",$G41=""),"",IFERROR(IF($F41=INDEX(Cluster_Master!$A$4:$A$18,MATCH($G41,Cluster_Master!$B$4:$B$18,0)),"OK","CHECK"),"CHECK")) -> OK | I41: =IFERROR(INDEX(Cluster_Master!$C$4:$C$18,MATCH($G41,Cluster_Master!$B$4:$B$18,0)),"") -> TAJV | J41: =IFERROR(INDEX(Cluster_Master!$D$4:$D$18,MATCH($G41,Cluster_Master!$B$4:$B$18,0)),"") -> Hicham Adel Narch | K41: =IFERROR(INDEX(Cluster_Master!$E$4:$E$18,MATCH($G41,Cluster_Master!$B$4:$B$18,0)),"") -> Ghaidh Alfaour | L41: =IFERROR(INDEX(Cluster_Master!$F$4:$F$18,MATCH($G41,Cluster_Master!$B$4:$B$18,0)),"") -> Ahmed Salah Hassan Dewidar | M41: =IFERROR(INDEX(Cluster_Master!$G$4:$G$18,MATCH($G41,Cluster_Master!$B$4:$B$18,0)),"") -> Timur Terakopov | N41: =IFERROR(INDEX(Cluster_Master!$H$4:$H$18,MATCH($G41,Cluster_Master!$B$4:$B$18,0)),"") -> Salah Nayef | O41: Jackson | P41: KEO | Q41: General | S41: Excavation | T41: YES | U41: 3.5 | V41: 3.5 | W41: 4 | X41: 0 | Y41: 3.5 | Z41: 2 | AA41: 2 | AB41: 3 | AC41: 3.5 | AD41: 3 | AE41: 3.5 | AF41: 0 | AG41: 3.5 | AH41: 3.5 | AI41: 3.5 | AJ41: =IF(COUNTA(U41:AI41)=0,"",SUM(U41:AI41)) -> 42 | AK41: =IF(COUNTA(U41:AI41)=0,"",AJ41/75) -> 0.56 | AL41: =IF(COUNTA(U41:AI41)=0,"",(SUM(U41*KPI_Weights!$B$4,V41*KPI_Weights!$B$5,W41*KPI_Weights!$B$6,X41*KPI_Weights!$B$7,Y41*KPI_Weights!$B$8,Z41*KPI_Weights!$B$9,AA41*KPI_Weights!$B$10,AB41*KPI_Weights!$B$11,AC41*KPI_Weights!$B$12,AD41*KPI_Weights!$B$13,AE41*KPI_Weights!$B$14,AF41*KPI_Weights!$B$15,AG41*KPI_Weights!$B$16,AH41*KPI_Weights!$B$17,AI41*KPI_Weights!$B$18))/5) -> 0.577 | AM41: =IF(COUNTA(U41:AI41)=0,"",IF(OR(U41<=1,X41<=1,Y41<=1,Z41<=1,AC41<=1),"YES","NO")) -> YES | AN41: =IF(AK41="","",IF(AND(AM41="NO",AK41>=0.75),"YES","NO")) -> NO | AO41: =IF(AK41="","",IF(AK41<0.4,"Critical",IF(AK41<0.6,"Poor",IF(AK41<0.75,"Needs Improvement",IF(AK41<0.9,"Good","Excellent"))))) -> Poor | AP41: YES | AQ41: Poor supervision | AR41: 1. PTW implementation 2 . Training and awareness 3. MSRA implementaion | AS41: Install proper hard barricades around the excavation area. | AT41: A formal excavation permit-to-work system shall be strictly enforced, and excavation checklists shall be fully implemented and verified at the work location prior to and during execution of activities. | AV41: construction Manager | AW41: 46129 | AX41: Asite Reff provided
A42: SIDPW-BW-KEO-ZZ-ZZ-XX-RP-HS-00212 | B42: 46127 | C42: =IF($B42="","",WEEKNUM($B42,2)) -> 16 | E42: =IF($B42="","",TEXT($B42,"yyyy-mm")) -> 2026-04 | F42: 4 | G42: Cluster 1A | H42: =IF(OR($F42="",$G42=""),"",IFERROR(IF($F42=INDEX(Cluster_Master!$A$4:$A$18,MATCH($G42,Cluster_Master!$B$4:$B$18,0)),"OK","CHECK"),"CHECK")) -> OK | I42: =IFERROR(INDEX(Cluster_Master!$C$4:$C$18,MATCH($G42,Cluster_Master!$B$4:$B$18,0)),"") -> TAJV | J42: =IFERROR(INDEX(Cluster_Master!$D$4:$D$18,MATCH($G42,Cluster_Master!$B$4:$B$18,0)),"") -> Hicham Adel Narch | K42: =IFERROR(INDEX(Cluster_Master!$E$4:$E$18,MATCH($G42,Cluster_Master!$B$4:$B$18,0)),"") -> Ghaidh Alfaour | L42: =IFERROR(INDEX(Cluster_Master!$F$4:$F$18,MATCH($G42,Cluster_Master!$B$4:$B$18,0)),"") -> Alaa Hegab | M42: =IFERROR(INDEX(Cluster_Master!$G$4:$G$18,MATCH($G42,Cluster_Master!$B$4:$B$18,0)),"") -> Timur Terakopov | N42: =IFERROR(INDEX(Cluster_Master!$H$4:$H$18,MATCH($G42,Cluster_Master!$B$4:$B$18,0)),"") -> Amr Taha | O42: Abdel Monem | P42: KEO | Q42: General | S42: Excavation | T42: NO | U42: 3 | V42: 3.5 | W42: 4 | X42: 3 | Y42: 2.5 | Z42: 3 | AA42: 3 | AB42: 3 | AC42: 4 | AD42: 4 | AE42: 3 | AF42: 4 | AG42: 3 | AH42: 3 | AI42: 2.5 | AJ42: =IF(COUNTA(U42:AI42)=0,"",SUM(U42:AI42)) -> 48.5 | AK42: =IF(COUNTA(U42:AI42)=0,"",AJ42/75) -> 0.64666667 | AL42: =IF(COUNTA(U42:AI42)=0,"",(SUM(U42*KPI_Weights!$B$4,V42*KPI_Weights!$B$5,W42*KPI_Weights!$B$6,X42*KPI_Weights!$B$7,Y42*KPI_Weights!$B$8,Z42*KPI_Weights!$B$9,AA42*KPI_Weights!$B$10,AB42*KPI_Weights!$B$11,AC42*KPI_Weights!$B$12,AD42*KPI_Weights!$B$13,AE42*KPI_Weights!$B$14,AF42*KPI_Weights!$B$15,AG42*KPI_Weights!$B$16,AH42*KPI_Weights!$B$17,AI42*KPI_Weights!$B$18))/5) -> 0.644 | AM42: =IF(COUNTA(U42:AI42)=0,"",IF(OR(U42<=1,X42<=1,Y42<=1,Z42<=1,AC42<=1),"YES","NO")) -> NO | AN42: =IF(AK42="","",IF(AND(AM42="NO",AK42>=0.75),"YES","NO")) -> NO | AO42: =IF(AK42="","",IF(AK42<0.4,"Critical",IF(AK42<0.6,"Poor",IF(AK42<0.75,"Needs Improvement",IF(AK42<0.9,"Good","Excellent"))))) -> Needs Improvement | AP42: YES | AQ42: Poor supervision | AR42: 1. PTW implementation 2 . Training and awareness 3. MSRA implementaion | AS42: Install proper hard barricades around the excavation area. | AT42: Close Competent supervsion Regular trainings | AV42: Construction manager Project Engineer | AW42: 46130 | AX42: Asite Reff provided
A43: SIDP3-BW-KEO-ZZ-ZZ-XX-RP-HS-00173 | B43: 46129 | C43: =IF($B43="","",WEEKNUM($B43,2)) -> 16 | E43: =IF($B43="","",TEXT($B43,"yyyy-mm")) -> 2026-04 | F43: 3 | G43: Cluster 6 | H43: =IF(OR($F43="",$G43=""),"",IFERROR(IF($F43=INDEX(Cluster_Master!$A$4:$A$18,MATCH($G43,Cluster_Master!$B$4:$B$18,0)),"OK","CHECK"),"CHECK")) -> OK | I43: =IFERROR(INDEX(Cluster_Master!$C$4:$C$18,MATCH($G43,Cluster_Master!$B$4:$B$18,0)),"") -> INNOVO | J43: =IFERROR(INDEX(Cluster_Master!$D$4:$D$18,MATCH($G43,Cluster_Master!$B$4:$B$18,0)),"") -> Kahtan Tikriti | K43: =IFERROR(INDEX(Cluster_Master!$E$4:$E$18,MATCH($G43,Cluster_Master!$B$4:$B$18,0)),"") -> Michael Ghali | L43: =IFERROR(INDEX(Cluster_Master!$F$4:$F$18,MATCH($G43,Cluster_Master!$B$4:$B$18,0)),"") -> Remon Karas | M43: =IFERROR(INDEX(Cluster_Master!$G$4:$G$18,MATCH($G43,Cluster_Master!$B$4:$B$18,0)),"") -> Mazen Al Atwani | N43: =IFERROR(INDEX(Cluster_Master!$H$4:$H$18,MATCH($G43,Cluster_Master!$B$4:$B$18,0)),"") -> 0 | O43: Shakir | P43: KEO | Q43: villa 65 ,66,68 | S43: Excavation | T43: YES | U43: 4 | V43: 4 | W43: 4 | X43: 3 | Y43: 4 | Z43: 4 | AA43: 4 | AB43: 4 | AD43: 3 | AE43: 4 | AF43: 4 | AG43: 3 | AH43: 4 | AI43: 3 | AJ43: =IF(COUNTA(U43:AI43)=0,"",SUM(U43:AI43)) -> 52 | AK43: =IF(COUNTA(U43:AI43)=0,"",AJ43/75) -> 0.69333333 | AL43: =IF(COUNTA(U43:AI43)=0,"",(SUM(U43*KPI_Weights!$B$4,V43*KPI_Weights!$B$5,W43*KPI_Weights!$B$6,X43*KPI_Weights!$B$7,Y43*KPI_Weights!$B$8,Z43*KPI_Weights!$B$9,AA43*KPI_Weights!$B$10,AB43*KPI_Weights!$B$11,AC43*KPI_Weights!$B$12,AD43*KPI_Weights!$B$13,AE43*KPI_Weights!$B$14,AF43*KPI_Weights!$B$15,AG43*KPI_Weights!$B$16,AH43*KPI_Weights!$B$17,AI43*KPI_Weights!$B$18))/5) -> 0.67 | AM43: =IF(COUNTA(U43:AI43)=0,"",IF(OR(U43<=1,X43<=1,Y43<=1,Z43<=1,AC43<=1),"YES","NO")) -> YES | AN43: =IF(AK43="","",IF(AND(AM43="NO",AK43>=0.75),"YES","NO")) -> NO | AO43: =IF(AK43="","",IF(AK43<0.4,"Critical",IF(AK43<0.6,"Poor",IF(AK43<0.75,"Needs Improvement",IF(AK43<0.9,"Good","Excellent"))))) -> Needs Improvement | AP43: YES | AQ43: PTW failure | AR43: Lack of inspection • Lack of monitoring • PTW implementation | AS43: site engineer was informed to close all the open excavation and provide proper barricades | AT43: Enforce PTW requirements before starting any high‑risk activity. Maintain proper barricading, segregation, and cable protection at all times. Strictly enforce site rules, including no smoking and designated access routes. Conduct regular inspections, testing, and supervision to ensure compliance. | AV43: Marco , Mohammed | AW43: 46136 | AX43: Asite Reff provided
A44: SIDP3-BW-KEO-ZZ-ZZ-XX-RP-HS-00174 | B44: 46129 | C44: =IF($B44="","",WEEKNUM($B44,2)) -> 16 | E44: =IF($B44="","",TEXT($B44,"yyyy-mm")) -> 2026-04 | F44: 3 | G44: Cluster 5 | H44: =IF(OR($F44="",$G44=""),"",IFERROR(IF($F44=INDEX(Cluster_Master!$A$4:$A$18,MATCH($G44,Cluster_Master!$B$4:$B$18,0)),"OK","CHECK"),"CHECK")) -> OK | I44: =IFERROR(INDEX(Cluster_Master!$C$4:$C$18,MATCH($G44,Cluster_Master!$B$4:$B$18,0)),"") -> INNOVO | J44: =IFERROR(INDEX(Cluster_Master!$D$4:$D$18,MATCH($G44,Cluster_Master!$B$4:$B$18,0)),"") -> Kahtan Tikriti | K44: =IFERROR(INDEX(Cluster_Master!$E$4:$E$18,MATCH($G44,Cluster_Master!$B$4:$B$18,0)),"") -> Michael Ghali | L44: =IFERROR(INDEX(Cluster_Master!$F$4:$F$18,MATCH($G44,Cluster_Master!$B$4:$B$18,0)),"") -> Robair Louies | M44: =IFERROR(INDEX(Cluster_Master!$G$4:$G$18,MATCH($G44,Cluster_Master!$B$4:$B$18,0)),"") -> Mazen Al Atwani | N44: =IFERROR(INDEX(Cluster_Master!$H$4:$H$18,MATCH($G44,Cluster_Master!$B$4:$B$18,0)),"") -> 0 | O44: Shinoj M | P44: KEO | Q44: vila 135 & 153 Axis | S44: Permit to Work | T44: NO | U44: 2 | V44: 3 | W44: 3 | X44: 3 | Y44: 4 | Z44: 1 | AA44: 1 | AB44: 4 | AC44: 3 | AD44: 3 | AE44: 2 | AF44: 4 | AG44: 2 | AH44: 2 | AI44: 3 | AJ44: =IF(COUNTA(U44:AI44)=0,"",SUM(U44:AI44)) -> 40 | AK44: =IF(COUNTA(U44:AI44)=0,"",AJ44/75) -> 0.53333333 | AL44: =IF(COUNTA(U44:AI44)=0,"",(SUM(U44*KPI_Weights!$B$4,V44*KPI_Weights!$B$5,W44*KPI_Weights!$B$6,X44*KPI_Weights!$B$7,Y44*KPI_Weights!$B$8,Z44*KPI_Weights!$B$9,AA44*KPI_Weights!$B$10,AB44*KPI_Weights!$B$11,AC44*KPI_Weights!$B$12,AD44*KPI_Weights!$B$13,AE44*KPI_Weights!$B$14,AF44*KPI_Weights!$B$15,AG44*KPI_Weights!$B$16,AH44*KPI_Weights!$B$17,AI44*KPI_Weights!$B$18))/5) -> 0.53 | AM44: =IF(COUNTA(U44:AI44)=0,"",IF(OR(U44<=1,X44<=1,Y44<=1,Z44<=1,AC44<=1),"YES","NO")) -> YES | AN44: =IF(AK44="","",IF(AND(AM44="NO",AK44>=0.75),"YES","NO")) -> NO | AO44: =IF(AK44="","",IF(AK44<0.4,"Critical",IF(AK44<0.6,"Poor",IF(AK44<0.75,"Needs Improvement",IF(AK44<0.9,"Good","Excellent"))))) -> Poor | AQ44: PTW failure | AR44: 1 Poor subcontractor control 2 Inadequate competence 3 Inspectiona and monitoring | AS44: 1 Advised the contractor to allocate adequate manpower to rectify the issues, such as barricades, manhole openings, etc | AT44: 1( conduct competance assesment of key persons 2 conduct regular trainings 3 periodic inspection shopuld be arranged | AV44: Construction manager HSE | AX44: Asite Reff provided
A45: SIDPW-BW-KEO-ZZ-ZZ-XX-RP-HS-00219 | B45: 46128 | C45: =IF($B45="","",WEEKNUM($B45,2)) -> 16 | E45: =IF($B45="","",TEXT($B45,"yyyy-mm")) -> 2026-04 | F45: 4 | G45: Cluster 2B | H45: =IF(OR($F45="",$G45=""),"",IFERROR(IF($F45=INDEX(Cluster_Master!$A$4:$A$18,MATCH($G45,Cluster_Master!$B$4:$B$18,0)),"OK","CHECK"),"CHECK")) -> OK | I45: =IFERROR(INDEX(Cluster_Master!$C$4:$C$18,MATCH($G45,Cluster_Master!$B$4:$B$18,0)),"") -> TAJV | J45: =IFERROR(INDEX(Cluster_Master!$D$4:$D$18,MATCH($G45,Cluster_Master!$B$4:$B$18,0)),"") -> Hicham Adel Narch | K45: =IFERROR(INDEX(Cluster_Master!$E$4:$E$18,MATCH($G45,Cluster_Master!$B$4:$B$18,0)),"") -> Ghaidh Alfaour | L45: =IFERROR(INDEX(Cluster_Master!$F$4:$F$18,MATCH($G45,Cluster_Master!$B$4:$B$18,0)),"") -> Ahmed Salah Hassan Dewidar | M45: =IFERROR(INDEX(Cluster_Master!$G$4:$G$18,MATCH($G45,Cluster_Master!$B$4:$B$18,0)),"") -> Timur Terakopov | N45: =IFERROR(INDEX(Cluster_Master!$H$4:$H$18,MATCH($G45,Cluster_Master!$B$4:$B$18,0)),"") -> Rami Issa | O45: Godwin | P45: KEO | Q45: General | S45: Permit to Work | T45: YES | U45: 0 | V45: 3 | W45: 3 | X45: 4 | Y45: 3 | Z45: 0 | AA45: 0 | AB45: 3 | AD45: 3 | AE45: 4 | AF45: 4 | AG45: 4 | AH45: 0 | AI45: 3 | AJ45: =IF(COUNTA(U45:AI45)=0,"",SUM(U45:AI45)) -> 34 | AK45: =IF(COUNTA(U45:AI45)=0,"",AJ45/75) -> 0.45333333 | AL45: =IF(COUNTA(U45:AI45)=0,"",(SUM(U45*KPI_Weights!$B$4,V45*KPI_Weights!$B$5,W45*KPI_Weights!$B$6,X45*KPI_Weights!$B$7,Y45*KPI_Weights!$B$8,Z45*KPI_Weights!$B$9,AA45*KPI_Weights!$B$10,AB45*KPI_Weights!$B$11,AC45*KPI_Weights!$B$12,AD45*KPI_Weights!$B$13,AE45*KPI_Weights!$B$14,AF45*KPI_Weights!$B$15,AG45*KPI_Weights!$B$16,AH45*KPI_Weights!$B$17,AI45*KPI_Weights!$B$18))/5) -> 0.404 | AM45: =IF(COUNTA(U45:AI45)=0,"",IF(OR(U45<=1,X45<=1,Y45<=1,Z45<=1,AC45<=1),"YES","NO")) -> YES | AN45: =IF(AK45="","",IF(AND(AM45="NO",AK45>=0.75),"YES","NO")) -> NO | AO45: =IF(AK45="","",IF(AK45<0.4,"Critical",IF(AK45<0.6,"Poor",IF(AK45<0.75,"Needs Improvement",IF(AK45<0.9,"Good","Excellent"))))) -> Poor | AP45: YES | AQ45: PTW failure | AR45: Lack of planning PTW failure Lack of Subcontractor control Lack of supervision No leadership presence | AS45: High risk activity was suspended and workers removed from risk area. The PM and HSE team were invited and advised to ensure PTW implementation, close supervision and control of subcontractors. | AT45: 1. Prepare Monthly lookahead programme for each package; 2. Prepare Weekly lookahead programme for each cluster; 3. Prepare Daily activity schedule for each cluster / block / villa 4. Develop Supervision deployment plan identifying the responsible site engineers, supervisors, and HSE personnel for each work front. 5. Ensure Subcontractors' engagement in the project is strictly based on the above plans. No work shall commence without an approved PTW by the main contractor. 6. Communicate officially to all subcontractors that no activity shall commence without first reporting to the main contractor on daily basis. 7. Regularly share the above plans with KEO for close follow up and monitoring. | AU45: Monthly lookahead programme for each package; | AV45: Cluster Construction Manager | AW45: 46135 | AX45: Asite Reff provided
B46: 46128 | C46: =IF($B46="","",WEEKNUM($B46,2)) -> 16 | E46: =IF($B46="","",TEXT($B46,"yyyy-mm")) -> 2026-04 | F46: 4 | G46: Cluster 2C | H46: =IF(OR($F46="",$G46=""),"",IFERROR(IF($F46=INDEX(Cluster_Master!$A$4:$A$18,MATCH($G46,Cluster_Master!$B$4:$B$18,0)),"OK","CHECK"),"CHECK")) -> OK | I46: =IFERROR(INDEX(Cluster_Master!$C$4:$C$18,MATCH($G46,Cluster_Master!$B$4:$B$18,0)),"") -> TAJV | J46: =IFERROR(INDEX(Cluster_Master!$D$4:$D$18,MATCH($G46,Cluster_Master!$B$4:$B$18,0)),"") -> Hicham Adel Narch | K46: =IFERROR(INDEX(Cluster_Master!$E$4:$E$18,MATCH($G46,Cluster_Master!$B$4:$B$18,0)),"") -> Ghaidh Alfaour | L46: =IFERROR(INDEX(Cluster_Master!$F$4:$F$18,MATCH($G46,Cluster_Master!$B$4:$B$18,0)),"") -> Ahmed Salah Hassan Dewidar | M46: =IFERROR(INDEX(Cluster_Master!$G$4:$G$18,MATCH($G46,Cluster_Master!$B$4:$B$18,0)),"") -> Timur Terakopov | N46: =IFERROR(INDEX(Cluster_Master!$H$4:$H$18,MATCH($G46,Cluster_Master!$B$4:$B$18,0)),"") -> Salah Nayef | O46: Godwin | P46: KEO | Q46: General | S46: Permit to Work | T46: YES | U46: 3 | V46: 3 | W46: 3 | X46: 0 | Y46: 3 | Z46: 0 | AA46: 0 | AB46: 2 | AD46: 2 | AE46: 1 | AF46: 4 | AG46: 4 | AH46: 0 | AI46: 1 | AJ46: =IF(COUNTA(U46:AI46)=0,"",SUM(U46:AI46)) -> 26 | AK46: =IF(COUNTA(U46:AI46)=0,"",AJ46/75) -> 0.34666667 | AL46: =IF(COUNTA(U46:AI46)=0,"",(SUM(U46*KPI_Weights!$B$4,V46*KPI_Weights!$B$5,W46*KPI_Weights!$B$6,X46*KPI_Weights!$B$7,Y46*KPI_Weights!$B$8,Z46*KPI_Weights!$B$9,AA46*KPI_Weights!$B$10,AB46*KPI_Weights!$B$11,AC46*KPI_Weights!$B$12,AD46*KPI_Weights!$B$13,AE46*KPI_Weights!$B$14,AF46*KPI_Weights!$B$15,AG46*KPI_Weights!$B$16,AH46*KPI_Weights!$B$17,AI46*KPI_Weights!$B$18))/5) -> 0.352 | AM46: =IF(COUNTA(U46:AI46)=0,"",IF(OR(U46<=1,X46<=1,Y46<=1,Z46<=1,AC46<=1),"YES","NO")) -> YES | AN46: =IF(AK46="","",IF(AND(AM46="NO",AK46>=0.75),"YES","NO")) -> NO | AO46: =IF(AK46="","",IF(AK46<0.4,"Critical",IF(AK46<0.6,"Poor",IF(AK46<0.75,"Needs Improvement",IF(AK46<0.9,"Good","Excellent"))))) -> Critical | AP46: YES | AQ46: PTW failure | AR46: Lack of planning PTW failure Lack of Subcontractor control Lack of supervision No leadership presence | AS46: High risk activity was suspended and workers removed from risk area. The PM and HSE team were invited and advised to ensure PTW implementation, close supervision and control of subcontractors. | AT46: 1. Prepare Monthly lookahead programme for each package; 2. Prepare Weekly lookahead programme for each cluster; 3. Prepare Daily activity schedule for each cluster / block / villa 4. Develop Supervision deployment plan identifying the responsible site engineers, supervisors, and HSE personnel for each work front. 5. Ensure Subcontractors' engagement in the project is strictly based on the above plans. No work shall commence without an approved PTW by the main contractor. 6. Communicate officially to all subcontractors that no activity shall commence without first reporting to the main contractor on daily basis. 7. Regularly share the above plans with KEO for close follow up and monitoring. | AU46: Weekly lookahead programme for each cluster; | AV46: Cluster Construction Manager | AW46: 46135 | AX46: Asite Reff provided
A47: SIDPW-BW-KEO-ZZ-ZZ-XX-RP-HS-00213 | B47: 46128 | C47: =IF($B47="","",WEEKNUM($B47,2)) -> 16 | E47: =IF($B47="","",TEXT($B47,"yyyy-mm")) -> 2026-04 | F47: 2 | G47: Cluster 8C | H47: =IF(OR($F47="",$G47=""),"",IFERROR(IF($F47=INDEX(Cluster_Master!$A$4:$A$18,MATCH($G47,Cluster_Master!$B$4:$B$18,0)),"OK","CHECK"),"CHECK")) -> OK | I47: =IFERROR(INDEX(Cluster_Master!$C$4:$C$18,MATCH($G47,Cluster_Master!$B$4:$B$18,0)),"") -> TAJV | J47: =IFERROR(INDEX(Cluster_Master!$D$4:$D$18,MATCH($G47,Cluster_Master!$B$4:$B$18,0)),"") -> Hicham Adel Narch | K47: =IFERROR(INDEX(Cluster_Master!$E$4:$E$18,MATCH($G47,Cluster_Master!$B$4:$B$18,0)),"") -> Ghaidh Alfaour | L47: =IFERROR(INDEX(Cluster_Master!$F$4:$F$18,MATCH($G47,Cluster_Master!$B$4:$B$18,0)),"") -> George Deeb | M47: =IFERROR(INDEX(Cluster_Master!$G$4:$G$18,MATCH($G47,Cluster_Master!$B$4:$B$18,0)),"") -> Timur | N47: =IFERROR(INDEX(Cluster_Master!$H$4:$H$18,MATCH($G47,Cluster_Master!$B$4:$B$18,0)),"") -> Ahmad Adel | O47: Shinoj | P47: KEO | Q47: General | S47: Scaffolding | T47: NO | U47: 4 | V47: 4 | W47: 3 | X47: 4 | Y47: 4 | Z47: 4 | AA47: 4 | AB47: 4 | AC47: 4 | AD47: 3 | AE47: 4 | AF47: 4 | AG47: 4 | AH47: 4 | AI47: 4 | AJ47: =IF(COUNTA(U47:AI47)=0,"",SUM(U47:AI47)) -> 58 | AK47: =IF(COUNTA(U47:AI47)=0,"",AJ47/75) -> 0.77333333 | AL47: =IF(COUNTA(U47:AI47)=0,"",(SUM(U47*KPI_Weights!$B$4,V47*KPI_Weights!$B$5,W47*KPI_Weights!$B$6,X47*KPI_Weights!$B$7,Y47*KPI_Weights!$B$8,Z47*KPI_Weights!$B$9,AA47*KPI_Weights!$B$10,AB47*KPI_Weights!$B$11,AC47*KPI_Weights!$B$12,AD47*KPI_Weights!$B$13,AE47*KPI_Weights!$B$14,AF47*KPI_Weights!$B$15,AG47*KPI_Weights!$B$16,AH47*KPI_Weights!$B$17,AI47*KPI_Weights!$B$18))/5) -> 0.778 | AM47: =IF(COUNTA(U47:AI47)=0,"",IF(OR(U47<=1,X47<=1,Y47<=1,Z47<=1,AC47<=1),"YES","NO")) -> NO | AN47: =IF(AK47="","",IF(AND(AM47="NO",AK47>=0.75),"YES","NO")) -> YES | AO47: =IF(AK47="","",IF(AK47<0.4,"Critical",IF(AK47<0.6,"Poor",IF(AK47<0.75,"Needs Improvement",IF(AK47<0.9,"Good","Excellent"))))) -> Good | AP47: NO | AQ47: Other | AR47: Training and Awareness | AS47: working on Double height scaffoding has been suspended | AT47: Focus inspection shall be carried out Regularly for mobile aluminium Scaffolding | AU47: Daily activity schedule for each cluster / block / villa; and | AV47: Construction Manager Project Engineer OSH Manager | AW47: 46130 | AX47: Asite Reff provided
A48: SIDPW-BW-KEO-ZZ-ZZ-XX-RP-HS-00214 | B48: 46128 | C48: =IF($B48="","",WEEKNUM($B48,2)) -> 16 | E48: =IF($B48="","",TEXT($B48,"yyyy-mm")) -> 2026-04 | F48: 4 | G48: Cluster 2A | H48: =IF(OR($F48="",$G48=""),"",IFERROR(IF($F48=INDEX(Cluster_Master!$A$4:$A$18,MATCH($G48,Cluster_Master!$B$4:$B$18,0)),"OK","CHECK"),"CHECK")) -> OK | I48: =IFERROR(INDEX(Cluster_Master!$C$4:$C$18,MATCH($G48,Cluster_Master!$B$4:$B$18,0)),"") -> TAJV | J48: =IFERROR(INDEX(Cluster_Master!$D$4:$D$18,MATCH($G48,Cluster_Master!$B$4:$B$18,0)),"") -> Hicham Adel Narch | K48: =IFERROR(INDEX(Cluster_Master!$E$4:$E$18,MATCH($G48,Cluster_Master!$B$4:$B$18,0)),"") -> Ghaidh Alfaour | L48: =IFERROR(INDEX(Cluster_Master!$F$4:$F$18,MATCH($G48,Cluster_Master!$B$4:$B$18,0)),"") -> Ahmed Salah Hassan Dewidar | M48: =IFERROR(INDEX(Cluster_Master!$G$4:$G$18,MATCH($G48,Cluster_Master!$B$4:$B$18,0)),"") -> Timur Terakopov | N48: =IFERROR(INDEX(Cluster_Master!$H$4:$H$18,MATCH($G48,Cluster_Master!$B$4:$B$18,0)),"") -> Rami Issa | O48: Jackson | P48: KEO | Q48: General | S48: Scaffolding | T48: YES | U48: 3 | V48: 3 | W48: 3 | X48: 3 | Y48: 2 | Z48: 2 | AA48: 2 | AB48: 3 | AC48: 3 | AD48: 3 | AE48: 3 | AF48: 4 | AG48: 3 | AH48: 2 | AI48: 3 | AJ48: =IF(COUNTA(U48:AI48)=0,"",SUM(U48:AI48)) -> 42 | AK48: =IF(COUNTA(U48:AI48)=0,"",AJ48/75) -> 0.56 | AL48: =IF(COUNTA(U48:AI48)=0,"",(SUM(U48*KPI_Weights!$B$4,V48*KPI_Weights!$B$5,W48*KPI_Weights!$B$6,X48*KPI_Weights!$B$7,Y48*KPI_Weights!$B$8,Z48*KPI_Weights!$B$9,AA48*KPI_Weights!$B$10,AB48*KPI_Weights!$B$11,AC48*KPI_Weights!$B$12,AD48*KPI_Weights!$B$13,AE48*KPI_Weights!$B$14,AF48*KPI_Weights!$B$15,AG48*KPI_Weights!$B$16,AH48*KPI_Weights!$B$17,AI48*KPI_Weights!$B$18))/5) -> 0.552 | AM48: =IF(COUNTA(U48:AI48)=0,"",IF(OR(U48<=1,X48<=1,Y48<=1,Z48<=1,AC48<=1),"YES","NO")) -> NO | AN48: =IF(AK48="","",IF(AND(AM48="NO",AK48>=0.75),"YES","NO")) -> NO | AO48: =IF(AK48="","",IF(AK48<0.4,"Critical",IF(AK48<0.6,"Poor",IF(AK48<0.75,"Needs Improvement",IF(AK48<0.9,"Good","Excellent"))))) -> Poor | AP48: YES | AQ48: Poor supervision | AR48: 1. Lack of inspections 2. Inadequate supervision 3. Competency | AS48: All activities on the unasfe extended scaffolding has been suspended . All electrical cables crossing over the live traffic roads has been removed | AT48: Scaffolding inspection by competent scaffolding inspector cable management Subcontractor Management | AU48: Supervision deployment plan identifying the responsible site engineers, supervisors, and HSE personnel for each work front. | AV48: Construction Manager | AW48: 46130 | AX48: Asite Reff provided
A49: SIDPW-BW-KEO-ZZ-ZZ-XX-RP-HS-00215 | B49: 46129 | C49: =IF($B49="","",WEEKNUM($B49,2)) -> 16 | E49: =IF($B49="","",TEXT($B49,"yyyy-mm")) -> 2026-04 | F49: 2 | G49: Cluster 7A | H49: =IF(OR($F49="",$G49=""),"",IFERROR(IF($F49=INDEX(Cluster_Master!$A$4:$A$18,MATCH($G49,Cluster_Master!$B$4:$B$18,0)),"OK","CHECK"),"CHECK")) -> OK | I49: =IFERROR(INDEX(Cluster_Master!$C$4:$C$18,MATCH($G49,Cluster_Master!$B$4:$B$18,0)),"") -> TAJV | J49: =IFERROR(INDEX(Cluster_Master!$D$4:$D$18,MATCH($G49,Cluster_Master!$B$4:$B$18,0)),"") -> Hicham Adel Narch | K49: =IFERROR(INDEX(Cluster_Master!$E$4:$E$18,MATCH($G49,Cluster_Master!$B$4:$B$18,0)),"") -> Ghaidh Alfaour | L49: =IFERROR(INDEX(Cluster_Master!$F$4:$F$18,MATCH($G49,Cluster_Master!$B$4:$B$18,0)),"") -> George Deeb | M49: =IFERROR(INDEX(Cluster_Master!$G$4:$G$18,MATCH($G49,Cluster_Master!$B$4:$B$18,0)),"") -> Timur | N49: =IFERROR(INDEX(Cluster_Master!$H$4:$H$18,MATCH($G49,Cluster_Master!$B$4:$B$18,0)),"") -> Liqat | O49: Abdel Monem | P49: KEO | Q49: General | S49: Excavation | T49: YES | U49: 4 | V49: 2.5 | W49: 4 | X49: 0 | Y49: 3 | Z49: 3 | AA49: 3 | AB49: 3 | AC49: 3 | AD49: 3 | AE49: 4.5 | AF49: 4 | AG49: 3 | AH49: 3 | AI49: 3 | AJ49: =IF(COUNTA(U49:AI49)=0,"",SUM(U49:AI49)) -> 46 | AK49: =IF(COUNTA(U49:AI49)=0,"",AJ49/75) -> 0.61333333 | AL49: =IF(COUNTA(U49:AI49)=0,"",(SUM(U49*KPI_Weights!$B$4,V49*KPI_Weights!$B$5,W49*KPI_Weights!$B$6,X49*KPI_Weights!$B$7,Y49*KPI_Weights!$B$8,Z49*KPI_Weights!$B$9,AA49*KPI_Weights!$B$10,AB49*KPI_Weights!$B$11,AC49*KPI_Weights!$B$12,AD49*KPI_Weights!$B$13,AE49*KPI_Weights!$B$14,AF49*KPI_Weights!$B$15,AG49*KPI_Weights!$B$16,AH49*KPI_Weights!$B$17,AI49*KPI_Weights!$B$18))/5) -> 0.589 | AM49: =IF(COUNTA(U49:AI49)=0,"",IF(OR(U49<=1,X49<=1,Y49<=1,Z49<=1,AC49<=1),"YES","NO")) -> YES | AN49: =IF(AK49="","",IF(AND(AM49="NO",AK49>=0.75),"YES","NO")) -> NO | AO49: =IF(AK49="","",IF(AK49<0.4,"Critical",IF(AK49<0.6,"Poor",IF(AK49<0.75,"Needs Improvement",IF(AK49<0.9,"Good","Excellent"))))) -> Needs Improvement | AP49: YES | AQ49: Poor supervision | AR49: PTW Failure Lack of Supervision No MSRA Implementation | AS49: Boundry wall excavation has been suspended. Instructed Action owners to take corrective and preventive action. | AT49: PTW procedure for excavation shall be implemented Regular trining sessions shall be carried out. Focus inspection shall be carried out for the boundry wall excavations | AV49: Cluster Construction Manager | AW49: 46132 | AX49: Asite Reff provided
A50: SIDPW-BW-KEO-ZZ-ZZ-XX-RP-HS-00216 | B50: 46128 | C50: =IF($B50="","",WEEKNUM($B50,2)) -> 16 | E50: =IF($B50="","",TEXT($B50,"yyyy-mm")) -> 2026-04 | F50: 2 | G50: Cluster 8A | H50: =IF(OR($F50="",$G50=""),"",IFERROR(IF($F50=INDEX(Cluster_Master!$A$4:$A$18,MATCH($G50,Cluster_Master!$B$4:$B$18,0)),"OK","CHECK"),"CHECK")) -> OK | I50: =IFERROR(INDEX(Cluster_Master!$C$4:$C$18,MATCH($G50,Cluster_Master!$B$4:$B$18,0)),"") -> TAJV | J50: =IFERROR(INDEX(Cluster_Master!$D$4:$D$18,MATCH($G50,Cluster_Master!$B$4:$B$18,0)),"") -> Hicham Adel Narch | K50: =IFERROR(INDEX(Cluster_Master!$E$4:$E$18,MATCH($G50,Cluster_Master!$B$4:$B$18,0)),"") -> Ghaidh Alfaour | L50: =IFERROR(INDEX(Cluster_Master!$F$4:$F$18,MATCH($G50,Cluster_Master!$B$4:$B$18,0)),"") -> Mohamed Salama | M50: =IFERROR(INDEX(Cluster_Master!$G$4:$G$18,MATCH($G50,Cluster_Master!$B$4:$B$18,0)),"") -> Timur | N50: =IFERROR(INDEX(Cluster_Master!$H$4:$H$18,MATCH($G50,Cluster_Master!$B$4:$B$18,0)),"") -> Ahmad Adel | O50: Jackson | P50: KEO | Q50: General | S50: Excavation | T50: YES | U50: 4 | V50: 4 | W50: 4 | X50: 3 | Y50: 3.5 | Z50: 3 | AA50: 3.5 | AB50: 4 | AC50: 3 | AD50: 3.5 | AE50: 4 | AF50: 4 | AG50: 3 | AH50: 3 | AI50: 3 | AJ50: =IF(COUNTA(U50:AI50)=0,"",SUM(U50:AI50)) -> 52.5 | AK50: =IF(COUNTA(U50:AI50)=0,"",AJ50/75) -> 0.7 | AL50: =IF(COUNTA(U50:AI50)=0,"",(SUM(U50*KPI_Weights!$B$4,V50*KPI_Weights!$B$5,W50*KPI_Weights!$B$6,X50*KPI_Weights!$B$7,Y50*KPI_Weights!$B$8,Z50*KPI_Weights!$B$9,AA50*KPI_Weights!$B$10,AB50*KPI_Weights!$B$11,AC50*KPI_Weights!$B$12,AD50*KPI_Weights!$B$13,AE50*KPI_Weights!$B$14,AF50*KPI_Weights!$B$15,AG50*KPI_Weights!$B$16,AH50*KPI_Weights!$B$17,AI50*KPI_Weights!$B$18))/5) -> 0.698 | AM50: =IF(COUNTA(U50:AI50)=0,"",IF(OR(U50<=1,X50<=1,Y50<=1,Z50<=1,AC50<=1),"YES","NO")) -> NO | AN50: =IF(AK50="","",IF(AND(AM50="NO",AK50>=0.75),"YES","NO")) -> NO | AO50: =IF(AK50="","",IF(AK50<0.4,"Critical",IF(AK50<0.6,"Poor",IF(AK50<0.75,"Needs Improvement",IF(AK50<0.9,"Good","Excellent"))))) -> Needs Improvement | AP50: YES | AQ50: Poor supervision | AR50: PTW Failure Lack of Supervision No MSRA Implementation | AS50: Boundry wall excavation has been suspended. Instructed Action owners to take corrective and preventive action. | AT50: PTW procedure for excavation shall be implemented Regular trining sessions shall be carried out. Focus inspection shall be carried out for the boundry wall excavations | AV50: Construction Manager | AW50: 46132 | AX50: Asite Reff provided
A51: SIDPW-BW-KEO-ZZ-ZZ-XX-RP-HS-00217 | B51: 46128 | C51: =IF($B51="","",WEEKNUM($B51,2)) -> 16 | E51: =IF($B51="","",TEXT($B51,"yyyy-mm")) -> 2026-04 | F51: 2 | G51: Cluster 8B | H51: =IF(OR($F51="",$G51=""),"",IFERROR(IF($F51=INDEX(Cluster_Master!$A$4:$A$18,MATCH($G51,Cluster_Master!$B$4:$B$18,0)),"OK","CHECK"),"CHECK")) -> OK | I51: =IFERROR(INDEX(Cluster_Master!$C$4:$C$18,MATCH($G51,Cluster_Master!$B$4:$B$18,0)),"") -> TAJV | J51: =IFERROR(INDEX(Cluster_Master!$D$4:$D$18,MATCH($G51,Cluster_Master!$B$4:$B$18,0)),"") -> Hicham Adel Narch | K51: =IFERROR(INDEX(Cluster_Master!$E$4:$E$18,MATCH($G51,Cluster_Master!$B$4:$B$18,0)),"") -> Ghaidh Alfaour | L51: =IFERROR(INDEX(Cluster_Master!$F$4:$F$18,MATCH($G51,Cluster_Master!$B$4:$B$18,0)),"") -> Mohamed Salama | M51: =IFERROR(INDEX(Cluster_Master!$G$4:$G$18,MATCH($G51,Cluster_Master!$B$4:$B$18,0)),"") -> Timur | N51: =IFERROR(INDEX(Cluster_Master!$H$4:$H$18,MATCH($G51,Cluster_Master!$B$4:$B$18,0)),"") -> Ahmad Adel | O51: Javed | P51: KEO | Q51: General | S51: Edge Protection | T51: YES | U51: 2 | V51: 3 | W51: 3 | X51: 3 | Y51: 3 | Z51: 2 | AA51: 4 | AB51: 4 | AC51: 3 | AD51: 4 | AE51: 3 | AF51: 4 | AG51: 2 | AH51: 3 | AI51: 4 | AJ51: =IF(COUNTA(U51:AI51)=0,"",SUM(U51:AI51)) -> 47 | AK51: =IF(COUNTA(U51:AI51)=0,"",AJ51/75) -> 0.62666667 | AL51: =IF(COUNTA(U51:AI51)=0,"",(SUM(U51*KPI_Weights!$B$4,V51*KPI_Weights!$B$5,W51*KPI_Weights!$B$6,X51*KPI_Weights!$B$7,Y51*KPI_Weights!$B$8,Z51*KPI_Weights!$B$9,AA51*KPI_Weights!$B$10,AB51*KPI_Weights!$B$11,AC51*KPI_Weights!$B$12,AD51*KPI_Weights!$B$13,AE51*KPI_Weights!$B$14,AF51*KPI_Weights!$B$15,AG51*KPI_Weights!$B$16,AH51*KPI_Weights!$B$17,AI51*KPI_Weights!$B$18))/5) -> 0.598 | AM51: =IF(COUNTA(U51:AI51)=0,"",IF(OR(U51<=1,X51<=1,Y51<=1,Z51<=1,AC51<=1),"YES","NO")) -> NO | AN51: =IF(AK51="","",IF(AND(AM51="NO",AK51>=0.75),"YES","NO")) -> NO | AO51: =IF(AK51="","",IF(AK51<0.4,"Critical",IF(AK51<0.6,"Poor",IF(AK51<0.75,"Needs Improvement",IF(AK51<0.9,"Good","Excellent"))))) -> Needs Improvement | AP51: YES | AQ51: Poor supervision | AR51: Inspection ,Monitoring and Compliance Lack of adequate supervision Inadequate competency | AS51: Activities suspended near to the leading edges where not adequately protected. | AT51: Focus inspections shall be carried out for the edge protections | AV51: Construction Manager Project Engineer OSH Manager | AW51: 46132 | AX51: Asite Reff provided
A52: SIDPW-BW-KEO-ZZ-ZZ-XX-RP-HS-00218 | B52: 46129 | C52: =IF($B52="","",WEEKNUM($B52,2)) -> 16 | E52: =IF($B52="","",TEXT($B52,"yyyy-mm")) -> 2026-04 | F52: 2 | G52: Cluster 7B | H52: =IF(OR($F52="",$G52=""),"",IFERROR(IF($F52=INDEX(Cluster_Master!$A$4:$A$18,MATCH($G52,Cluster_Master!$B$4:$B$18,0)),"OK","CHECK"),"CHECK")) -> OK | I52: =IFERROR(INDEX(Cluster_Master!$C$4:$C$18,MATCH($G52,Cluster_Master!$B$4:$B$18,0)),"") -> TAJV | J52: =IFERROR(INDEX(Cluster_Master!$D$4:$D$18,MATCH($G52,Cluster_Master!$B$4:$B$18,0)),"") -> Hicham Adel Narch | K52: =IFERROR(INDEX(Cluster_Master!$E$4:$E$18,MATCH($G52,Cluster_Master!$B$4:$B$18,0)),"") -> Ghaidh Alfaour | L52: =IFERROR(INDEX(Cluster_Master!$F$4:$F$18,MATCH($G52,Cluster_Master!$B$4:$B$18,0)),"") -> George Deeb | M52: =IFERROR(INDEX(Cluster_Master!$G$4:$G$18,MATCH($G52,Cluster_Master!$B$4:$B$18,0)),"") -> Timur | N52: =IFERROR(INDEX(Cluster_Master!$H$4:$H$18,MATCH($G52,Cluster_Master!$B$4:$B$18,0)),"") -> Eyad | O52: Abdel Monem | P52: KEO | Q52: General | S52: Scaffolding | T52: YES | U52: 4 | V52: 4 | W52: 3 | X52: 4 | Y52: 3.5 | Z52: 4 | AA52: 4 | AB52: 4 | AC52: 4 | AD52: 4 | AE52: 4 | AF52: 3 | AG52: 3 | AH52: 4 | AI52: 4 | AJ52: =IF(COUNTA(U52:AI52)=0,"",SUM(U52:AI52)) -> 56.5 | AK52: =IF(COUNTA(U52:AI52)=0,"",AJ52/75) -> 0.75333333 | AL52: =IF(COUNTA(U52:AI52)=0,"",(SUM(U52*KPI_Weights!$B$4,V52*KPI_Weights!$B$5,W52*KPI_Weights!$B$6,X52*KPI_Weights!$B$7,Y52*KPI_Weights!$B$8,Z52*KPI_Weights!$B$9,AA52*KPI_Weights!$B$10,AB52*KPI_Weights!$B$11,AC52*KPI_Weights!$B$12,AD52*KPI_Weights!$B$13,AE52*KPI_Weights!$B$14,AF52*KPI_Weights!$B$15,AG52*KPI_Weights!$B$16,AH52*KPI_Weights!$B$17,AI52*KPI_Weights!$B$18))/5) -> 0.764 | AM52: =IF(COUNTA(U52:AI52)=0,"",IF(OR(U52<=1,X52<=1,Y52<=1,Z52<=1,AC52<=1),"YES","NO")) -> NO | AN52: =IF(AK52="","",IF(AND(AM52="NO",AK52>=0.75),"YES","NO")) -> YES | AO52: =IF(AK52="","",IF(AK52<0.4,"Critical",IF(AK52<0.6,"Poor",IF(AK52<0.75,"Needs Improvement",IF(AK52<0.9,"Good","Excellent"))))) -> Good | AP52: NO | AQ52: Inadequate competence | AR52: Lack of Subcontractor control Lack of supervision scaffolding inspection | AS52: Scaffolding unit re inspection required and communicated to the action owners. | AT52: Scaffolding shall be inspected by competent inspector based on the inspection regimen | AV52: Construction manager Project Engineer | AW52: 46133 | AX52: Asite Reff provided
A53: SIDPW-BW-KEO-ZZ-ZZ-XX-RP-HS-00221 | B53: 46129 | C53: =IF($B53="","",WEEKNUM($B53,2)) -> 16 | E53: =IF($B53="","",TEXT($B53,"yyyy-mm")) -> 2026-04 | F53: 4 | G53: Cluster 1B | H53: =IF(OR($F53="",$G53=""),"",IFERROR(IF($F53=INDEX(Cluster_Master!$A$4:$A$18,MATCH($G53,Cluster_Master!$B$4:$B$18,0)),"OK","CHECK"),"CHECK")) -> OK | I53: =IFERROR(INDEX(Cluster_Master!$C$4:$C$18,MATCH($G53,Cluster_Master!$B$4:$B$18,0)),"") -> TAJV | J53: =IFERROR(INDEX(Cluster_Master!$D$4:$D$18,MATCH($G53,Cluster_Master!$B$4:$B$18,0)),"") -> Hicham Adel Narch | K53: =IFERROR(INDEX(Cluster_Master!$E$4:$E$18,MATCH($G53,Cluster_Master!$B$4:$B$18,0)),"") -> Ghaidh Alfaour | L53: =IFERROR(INDEX(Cluster_Master!$F$4:$F$18,MATCH($G53,Cluster_Master!$B$4:$B$18,0)),"") -> Hossam Ali Maher | M53: =IFERROR(INDEX(Cluster_Master!$G$4:$G$18,MATCH($G53,Cluster_Master!$B$4:$B$18,0)),"") -> Timur Terakopov | N53: =IFERROR(INDEX(Cluster_Master!$H$4:$H$18,MATCH($G53,Cluster_Master!$B$4:$B$18,0)),"") -> Md Ramadan / Osama Said | O53: Jackson | P53: KEO | Q53: General | S53: Excavation | T53: YES | U53: 3.5 | V53: 4 | W53: 3.5 | X53: 2 | Y53: 3.5 | Z53: 3 | AA53: 3 | AB53: 4 | AC53: 4 | AD53: 4 | AE53: 3 | AF53: 4 | AG53: 4 | AH53: 3 | AI53: 4 | AJ53: =IF(COUNTA(U53:AI53)=0,"",SUM(U53:AI53)) -> 52.5 | AK53: =IF(COUNTA(U53:AI53)=0,"",AJ53/75) -> 0.7 | AL53: =IF(COUNTA(U53:AI53)=0,"",(SUM(U53*KPI_Weights!$B$4,V53*KPI_Weights!$B$5,W53*KPI_Weights!$B$6,X53*KPI_Weights!$B$7,Y53*KPI_Weights!$B$8,Z53*KPI_Weights!$B$9,AA53*KPI_Weights!$B$10,AB53*KPI_Weights!$B$11,AC53*KPI_Weights!$B$12,AD53*KPI_Weights!$B$13,AE53*KPI_Weights!$B$14,AF53*KPI_Weights!$B$15,AG53*KPI_Weights!$B$16,AH53*KPI_Weights!$B$17,AI53*KPI_Weights!$B$18))/5) -> 0.701 | AM53: =IF(COUNTA(U53:AI53)=0,"",IF(OR(U53<=1,X53<=1,Y53<=1,Z53<=1,AC53<=1),"YES","NO")) -> NO | AN53: =IF(AK53="","",IF(AND(AM53="NO",AK53>=0.75),"YES","NO")) -> NO | AO53: =IF(AK53="","",IF(AK53<0.4,"Critical",IF(AK53<0.6,"Poor",IF(AK53<0.75,"Needs Improvement",IF(AK53<0.9,"Good","Excellent"))))) -> Needs Improvement | AP53: YES | AQ53: Poor supervision | AR53: PTW Failure Lack of Supervision No MSRA Implementation | AS53: Boundry wall excavation has been suspended. Instructed Action owners to take corrective and preventive action. | AT53: PTW procedure for excavation shall be implemented Regular trining sessions shall be carried out. Focus inspection shall be carried out for the boundry wall excavation | AV53: Construction manager HSE | AW53: 46133 | AX53: Asite Reff provided
A54: SIDPW-BW-KEO-ZZ-ZZ-XX-RP-HS-00222 | B54: 46130 | C54: =IF($B54="","",WEEKNUM($B54,2)) -> 16 | E54: =IF($B54="","",TEXT($B54,"yyyy-mm")) -> 2026-04 | F54: 4 | G54: Cluster 2B | H54: =IF(OR($F54="",$G54=""),"",IFERROR(IF($F54=INDEX(Cluster_Master!$A$4:$A$18,MATCH($G54,Cluster_Master!$B$4:$B$18,0)),"OK","CHECK"),"CHECK")) -> OK | I54: =IFERROR(INDEX(Cluster_Master!$C$4:$C$18,MATCH($G54,Cluster_Master!$B$4:$B$18,0)),"") -> TAJV | J54: =IFERROR(INDEX(Cluster_Master!$D$4:$D$18,MATCH($G54,Cluster_Master!$B$4:$B$18,0)),"") -> Hicham Adel Narch | K54: =IFERROR(INDEX(Cluster_Master!$E$4:$E$18,MATCH($G54,Cluster_Master!$B$4:$B$18,0)),"") -> Ghaidh Alfaour | L54: =IFERROR(INDEX(Cluster_Master!$F$4:$F$18,MATCH($G54,Cluster_Master!$B$4:$B$18,0)),"") -> Ahmed Salah Hassan Dewidar | M54: =IFERROR(INDEX(Cluster_Master!$G$4:$G$18,MATCH($G54,Cluster_Master!$B$4:$B$18,0)),"") -> Timur Terakopov | N54: =IFERROR(INDEX(Cluster_Master!$H$4:$H$18,MATCH($G54,Cluster_Master!$B$4:$B$18,0)),"") -> Rami Issa | O54: Godwin | P54: KEO | Q54: General | R54: A/C duct installation from podium ladder & mobile scaffold | S54: Work at Height | T54: YES | U54: 2 | V54: 3 | W54: 2 | X54: 3 | Y54: 3 | Z54: 3 | AA54: 2 | AB54: 1 | AD54: 3 | AE54: 2 | AF54: 2 | AG54: 3 | AH54: 0 | AI54: 3 | AJ54: =IF(COUNTA(U54:AI54)=0,"",SUM(U54:AI54)) -> 32 | AK54: =IF(COUNTA(U54:AI54)=0,"",AJ54/75) -> 0.42666667 | AL54: =IF(COUNTA(U54:AI54)=0,"",(SUM(U54*KPI_Weights!$B$4,V54*KPI_Weights!$B$5,W54*KPI_Weights!$B$6,X54*KPI_Weights!$B$7,Y54*KPI_Weights!$B$8,Z54*KPI_Weights!$B$9,AA54*KPI_Weights!$B$10,AB54*KPI_Weights!$B$11,AC54*KPI_Weights!$B$12,AD54*KPI_Weights!$B$13,AE54*KPI_Weights!$B$14,AF54*KPI_Weights!$B$15,AG54*KPI_Weights!$B$16,AH54*KPI_Weights!$B$17,AI54*KPI_Weights!$B$18))/5) -> 0.452 | AM54: =IF(COUNTA(U54:AI54)=0,"",IF(OR(U54<=1,X54<=1,Y54<=1,Z54<=1,AC54<=1),"YES","NO")) -> YES | AN54: =IF(AK54="","",IF(AND(AM54="NO",AK54>=0.75),"YES","NO")) -> NO | AO54: =IF(AK54="","",IF(AK54<0.4,"Critical",IF(AK54<0.6,"Poor",IF(AK54<0.75,"Needs Improvement",IF(AK54<0.9,"Good","Excellent"))))) -> Poor | AP54: YES | AQ54: Poor supervision | AR54: Lack of planning PTW failure Lack of Subcontractor control Lack of supervision No leadership presence | AS54: The unsafe work was stopped, demaged ladder decommisioned and workers removed from the site. The HSEM and site engineer of tghe main contractor were advised on safe preventive measures to take. | AT54: 1. Prepare Monthly lookahead programme for each package; 2. Prepare Weekly lookahead programme for each cluster; 3. Prepare Daily activity schedule for each cluster / block / villa 4. Develop Supervision deployment plan identifying the responsible site engineers, supervisors, and HSE personnel for each work front. 5. Ensure Subcontractors' engagement in the project is strictly based on the above plans. No work shall commence without an approved PTW by the main contractor. 6. Communicate officially to all subcontractors that no activity shall commence without first reporting to the main contractor on daily basis. 7. Regularly share the above plans with KEO for close follow up and monitoring. 8. Administer discipline to the key project leader(s) in the case of repeated violation. | AV54: Construction Manager | AW54: 46137 | AX54: See Asite reference
A55: SIDPW-BW-KEO-ZZ-ZZ-XX-RP-HS-00223 | B55: 46130 | C55: =IF($B55="","",WEEKNUM($B55,2)) -> 16 | E55: =IF($B55="","",TEXT($B55,"yyyy-mm")) -> 2026-04 | F55: 4 | G55: Cluster 2C | H55: =IF(OR($F55="",$G55=""),"",IFERROR(IF($F55=INDEX(Cluster_Master!$A$4:$A$18,MATCH($G55,Cluster_Master!$B$4:$B$18,0)),"OK","CHECK"),"CHECK")) -> OK | I55: =IFERROR(INDEX(Cluster_Master!$C$4:$C$18,MATCH($G55,Cluster_Master!$B$4:$B$18,0)),"") -> TAJV | J55: =IFERROR(INDEX(Cluster_Master!$D$4:$D$18,MATCH($G55,Cluster_Master!$B$4:$B$18,0)),"") -> Hicham Adel Narch | K55: =IFERROR(INDEX(Cluster_Master!$E$4:$E$18,MATCH($G55,Cluster_Master!$B$4:$B$18,0)),"") -> Ghaidh Alfaour | L55: =IFERROR(INDEX(Cluster_Master!$F$4:$F$18,MATCH($G55,Cluster_Master!$B$4:$B$18,0)),"") -> Ahmed Salah Hassan Dewidar | M55: =IFERROR(INDEX(Cluster_Master!$G$4:$G$18,MATCH($G55,Cluster_Master!$B$4:$B$18,0)),"") -> Timur Terakopov | N55: =IFERROR(INDEX(Cluster_Master!$H$4:$H$18,MATCH($G55,Cluster_Master!$B$4:$B$18,0)),"") -> Salah Nayef | O55: Godwin | P55: KEO | Q55: General | R55: Roof work from MEWP platform, buffing work, excavation works. | S55: Excavation | T55: YES | U55: 4 | V55: 4 | W55: 3 | X55: 3 | Z55: 2 | AA55: 4 | AB55: 4 | AD55: 2 | AE55: 2 | AG55: 3 | AH55: 2 | AI55: 2 | AJ55: =IF(COUNTA(U55:AI55)=0,"",SUM(U55:AI55)) -> 35 | AK55: =IF(COUNTA(U55:AI55)=0,"",AJ55/75) -> 0.46666667 | AL55: =IF(COUNTA(U55:AI55)=0,"",(SUM(U55*KPI_Weights!$B$4,V55*KPI_Weights!$B$5,W55*KPI_Weights!$B$6,X55*KPI_Weights!$B$7,Y55*KPI_Weights!$B$8,Z55*KPI_Weights!$B$9,AA55*KPI_Weights!$B$10,AB55*KPI_Weights!$B$11,AC55*KPI_Weights!$B$12,AD55*KPI_Weights!$B$13,AE55*KPI_Weights!$B$14,AF55*KPI_Weights!$B$15,AG55*KPI_Weights!$B$16,AH55*KPI_Weights!$B$17,AI55*KPI_Weights!$B$18))/5) -> 0.476 | AM55: =IF(COUNTA(U55:AI55)=0,"",IF(OR(U55<=1,X55<=1,Y55<=1,Z55<=1,AC55<=1),"YES","NO")) -> YES | AN55: =IF(AK55="","",IF(AND(AM55="NO",AK55>=0.75),"YES","NO")) -> NO | AO55: =IF(AK55="","",IF(AK55<0.4,"Critical",IF(AK55<0.6,"Poor",IF(AK55<0.75,"Needs Improvement",IF(AK55<0.9,"Good","Excellent"))))) -> Poor | AP55: YES | AQ55: Poor supervision | AR55: Lack of planning PTW failure Lack of Subcontractor control Lack of supervision No leadership presence | AS55: The unsafe work was stopped, demaged ladder decommisioned and workers removed from the site. The HSEM and site engineer of tghe main contractor were advised on safe preventive measures to take. | AT55: 1. Prepare Monthly lookahead programme for each package; 2. Prepare Weekly lookahead programme for each cluster; 3. Prepare Daily activity schedule for each cluster / block / villa 4. Develop Supervision deployment plan identifying the responsible site engineers, supervisors, and HSE personnel for each work front. 5. Ensure Subcontractors' engagement in the project is strictly based on the above plans. No work shall commence without an approved PTW by the main contractor. 6. Communicate officially to all subcontractors that no activity shall commence without first reporting to the main contractor on daily basis. 7. Regularly share the above plans with KEO for close follow up and monitoring. 8. Administer discipline to the key project leader(s) in the case of repeated violation. | AU55: Construction Manager | AV55: Construction Manager | AW55: 46139 | AX55: See Asite reference
A56: SIDP3-BW-KEO-ZZ-ZZ-XX-RP-HS-00175 | B56: 46130 | C56: =IF($B56="","",WEEKNUM($B56,2)) -> 16 | E56: =IF($B56="","",TEXT($B56,"yyyy-mm")) -> 2026-04 | F56: 3 | G56: Cluster 3 | H56: =IF(OR($F56="",$G56=""),"",IFERROR(IF($F56=INDEX(Cluster_Master!$A$4:$A$18,MATCH($G56,Cluster_Master!$B$4:$B$18,0)),"OK","CHECK"),"CHECK")) -> OK | I56: =IFERROR(INDEX(Cluster_Master!$C$4:$C$18,MATCH($G56,Cluster_Master!$B$4:$B$18,0)),"") -> INNOVO | J56: =IFERROR(INDEX(Cluster_Master!$D$4:$D$18,MATCH($G56,Cluster_Master!$B$4:$B$18,0)),"") -> Kahtan Tikriti | K56: =IFERROR(INDEX(Cluster_Master!$E$4:$E$18,MATCH($G56,Cluster_Master!$B$4:$B$18,0)),"") -> Aiman Abdullah | L56: =IFERROR(INDEX(Cluster_Master!$F$4:$F$18,MATCH($G56,Cluster_Master!$B$4:$B$18,0)),"") -> Salama Al Samdy | M56: =IFERROR(INDEX(Cluster_Master!$G$4:$G$18,MATCH($G56,Cluster_Master!$B$4:$B$18,0)),"") -> Mazen Al Atwani | N56: =IFERROR(INDEX(Cluster_Master!$H$4:$H$18,MATCH($G56,Cluster_Master!$B$4:$B$18,0)),"") -> 0 | O56: Shakir | P56: KEO | Q56: v207 | S56: Permit to Work | T56: YES | V56: 4 | W56: 4 | X56: 2 | Y56: 2 | Z56: 3 | AA56: 2 | AB56: 4 | AC56: 0 | AD56: 2 | AE56: 3 | AF56: 4 | AG56: 2 | AH56: 2 | AI56: 4 | AJ56: =IF(COUNTA(U56:AI56)=0,"",SUM(U56:AI56)) -> 38 | AK56: =IF(COUNTA(U56:AI56)=0,"",AJ56/75) -> 0.50666667 | AL56: =IF(COUNTA(U56:AI56)=0,"",(SUM(U56*KPI_Weights!$B$4,V56*KPI_Weights!$B$5,W56*KPI_Weights!$B$6,X56*KPI_Weights!$B$7,Y56*KPI_Weights!$B$8,Z56*KPI_Weights!$B$9,AA56*KPI_Weights!$B$10,AB56*KPI_Weights!$B$11,AC56*KPI_Weights!$B$12,AD56*KPI_Weights!$B$13,AE56*KPI_Weights!$B$14,AF56*KPI_Weights!$B$15,AG56*KPI_Weights!$B$16,AH56*KPI_Weights!$B$17,AI56*KPI_Weights!$B$18))/5) -> 0.45 | AM56: =IF(COUNTA(U56:AI56)=0,"",IF(OR(U56<=1,X56<=1,Y56<=1,Z56<=1,AC56<=1),"YES","NO")) -> YES | AN56: =IF(AK56="","",IF(AND(AM56="NO",AK56>=0.75),"YES","NO")) -> NO | AO56: =IF(AK56="","",IF(AK56<0.4,"Critical",IF(AK56<0.6,"Poor",IF(AK56<0.75,"Needs Improvement",IF(AK56<0.9,"Good","Excellent"))))) -> Poor | AP56: YES | AQ56: Poor supervision | AR56: • Poor Supervision • Inadequate Planning and Control • Weak Inspection, Monitoring, and Compliance | AS56: Unsafe conditions were addressed immediately, work was stopped where required, and the responsible supervision team was informed to implement corrective measures and restore compliance. | AT56: • Strengthen site supervision by ensuring competent supervisors are present at all times to monitor activities and enforce safe work practices. • Improve planning and control through comprehensive risk assessments, task planning, and strict adherence to approved procedures and MSRA. • Enhance inspection and monitoring by conducting regular site inspections, audits, and timely corrective actions for any non compliance. • Reinforce worker awareness via regular toolbox talks and targeted training to promote a strong safety culture and prevent recurrence. | AV56: Construction Manager | AW56: 46133 | AX56: See Asite reference
A57: SIDP3-BW-KEO-ZZ-ZZ-XX-RP-HS-00176 | B57: 46130 | C57: =IF($B57="","",WEEKNUM($B57,2)) -> 16 | E57: =IF($B57="","",TEXT($B57,"yyyy-mm")) -> 2026-04 | F57: 3 | G57: Cluster 4 | H57: =IF(OR($F57="",$G57=""),"",IFERROR(IF($F57=INDEX(Cluster_Master!$A$4:$A$18,MATCH($G57,Cluster_Master!$B$4:$B$18,0)),"OK","CHECK"),"CHECK")) -> OK | I57: =IFERROR(INDEX(Cluster_Master!$C$4:$C$18,MATCH($G57,Cluster_Master!$B$4:$B$18,0)),"") -> INNOVO | J57: =IFERROR(INDEX(Cluster_Master!$D$4:$D$18,MATCH($G57,Cluster_Master!$B$4:$B$18,0)),"") -> Kahtan Tikriti | K57: =IFERROR(INDEX(Cluster_Master!$E$4:$E$18,MATCH($G57,Cluster_Master!$B$4:$B$18,0)),"") -> Aiman Abdullah | L57: =IFERROR(INDEX(Cluster_Master!$F$4:$F$18,MATCH($G57,Cluster_Master!$B$4:$B$18,0)),"") -> Baha Basheer | M57: =IFERROR(INDEX(Cluster_Master!$G$4:$G$18,MATCH($G57,Cluster_Master!$B$4:$B$18,0)),"") -> Mazen Al Atwani | N57: =IFERROR(INDEX(Cluster_Master!$H$4:$H$18,MATCH($G57,Cluster_Master!$B$4:$B$18,0)),"") -> 0 | O57: Shakir | P57: KEO | Q57: V15 | S57: Edge Protection | T57: NO | V57: 4 | W57: 3 | Y57: 4 | Z57: 3 | AA57: 3 | AB57: 4 | AC57: 3 | AD57: 4 | AE57: 3 | AF57: 4 | AG57: 3 | AH57: 4 | AI57: 3 | AJ57: =IF(COUNTA(U57:AI57)=0,"",SUM(U57:AI57)) -> 45 | AK57: =IF(COUNTA(U57:AI57)=0,"",AJ57/75) -> 0.6 | AL57: =IF(COUNTA(U57:AI57)=0,"",(SUM(U57*KPI_Weights!$B$4,V57*KPI_Weights!$B$5,W57*KPI_Weights!$B$6,X57*KPI_Weights!$B$7,Y57*KPI_Weights!$B$8,Z57*KPI_Weights!$B$9,AA57*KPI_Weights!$B$10,AB57*KPI_Weights!$B$11,AC57*KPI_Weights!$B$12,AD57*KPI_Weights!$B$13,AE57*KPI_Weights!$B$14,AF57*KPI_Weights!$B$15,AG57*KPI_Weights!$B$16,AH57*KPI_Weights!$B$17,AI57*KPI_Weights!$B$18))/5) -> 0.554 | AM57: =IF(COUNTA(U57:AI57)=0,"",IF(OR(U57<=1,X57<=1,Y57<=1,Z57<=1,AC57<=1),"YES","NO")) -> YES | AN57: =IF(AK57="","",IF(AND(AM57="NO",AK57>=0.75),"YES","NO")) -> NO | AO57: =IF(AK57="","",IF(AK57<0.4,"Critical",IF(AK57<0.6,"Poor",IF(AK57<0.75,"Needs Improvement",IF(AK57<0.9,"Good","Excellent"))))) -> Needs Improvement | AP57: YES | AQ57: Poor subcontractor control | AR57: • Poor Supervision • Inadequate Planning and Control • Weak Inspection, Monitoring, and Compliance | AS57: Unsafe conditions were addressed immediately, work was stopped where required, and the responsible supervision team was informed to implement corrective measures and restore compliance. | AT57: • Strengthen site supervision by ensuring competent supervisors are present at all times to monitor activities and enforce safe work practices. • Improve planning and control through comprehensive risk assessments, task planning, and strict adherence to approved procedures and MSRA. • Enhance inspection and monitoring by conducting regular site inspections, audits, and timely corrective actions for any non compliance. • Reinforce worker awareness via regular toolbox talks and targeted training to promote a strong safety culture and prevent recurrence. | AV57: Construction Manager | AW57: 46136 | AX57: See Asite reference
A58: SIDP3-BW-KEO-ZZ-ZZ-XX-RP-HS-00176 | B58: 46132 | C58: =IF($B58="","",WEEKNUM($B58,2)) -> 17 | E58: =IF($B58="","",TEXT($B58,"yyyy-mm")) -> 2026-04 | F58: 3 | G58: Cluster 6 | H58: =IF(OR($F58="",$G58=""),"",IFERROR(IF($F58=INDEX(Cluster_Master!$A$4:$A$18,MATCH($G58,Cluster_Master!$B$4:$B$18,0)),"OK","CHECK"),"CHECK")) -> OK | I58: =IFERROR(INDEX(Cluster_Master!$C$4:$C$18,MATCH($G58,Cluster_Master!$B$4:$B$18,0)),"") -> INNOVO | J58: =IFERROR(INDEX(Cluster_Master!$D$4:$D$18,MATCH($G58,Cluster_Master!$B$4:$B$18,0)),"") -> Kahtan Tikriti | K58: =IFERROR(INDEX(Cluster_Master!$E$4:$E$18,MATCH($G58,Cluster_Master!$B$4:$B$18,0)),"") -> Michael Ghali | L58: =IFERROR(INDEX(Cluster_Master!$F$4:$F$18,MATCH($G58,Cluster_Master!$B$4:$B$18,0)),"") -> Remon Karas | M58: =IFERROR(INDEX(Cluster_Master!$G$4:$G$18,MATCH($G58,Cluster_Master!$B$4:$B$18,0)),"") -> Mazen Al Atwani | N58: =IFERROR(INDEX(Cluster_Master!$H$4:$H$18,MATCH($G58,Cluster_Master!$B$4:$B$18,0)),"") -> 0 | O58: Shakir | P58: KEO | Q58: Villa 77, store | S58: Waste Management | T58: NO | U58: 3.5 | V58: 4 | W58: 4 | X58: 3 | Y58: 4 | Z58: 4 | AA58: 4 | AB58: 4 | AC58: 4 | AD58: 3 | AE58: 3 | AF58: 4 | AG58: 4 | AH58: 4 | AI58: 4 | AJ58: =IF(COUNTA(U58:AI58)=0,"",SUM(U58:AI58)) -> 56.5 | AK58: =IF(COUNTA(U58:AI58)=0,"",AJ58/75) -> 0.75333333 | AL58: =IF(COUNTA(U58:AI58)=0,"",(SUM(U58*KPI_Weights!$B$4,V58*KPI_Weights!$B$5,W58*KPI_Weights!$B$6,X58*KPI_Weights!$B$7,Y58*KPI_Weights!$B$8,Z58*KPI_Weights!$B$9,AA58*KPI_Weights!$B$10,AB58*KPI_Weights!$B$11,AC58*KPI_Weights!$B$12,AD58*KPI_Weights!$B$13,AE58*KPI_Weights!$B$14,AF58*KPI_Weights!$B$15,AG58*KPI_Weights!$B$16,AH58*KPI_Weights!$B$17,AI58*KPI_Weights!$B$18))/5) -> 0.754 | AM58: =IF(COUNTA(U58:AI58)=0,"",IF(OR(U58<=1,X58<=1,Y58<=1,Z58<=1,AC58<=1),"YES","NO")) -> NO | AN58: =IF(AK58="","",IF(AND(AM58="NO",AK58>=0.75),"YES","NO")) -> YES | AO58: =IF(AK58="","",IF(AK58<0.4,"Critical",IF(AK58<0.6,"Poor",IF(AK58<0.75,"Needs Improvement",IF(AK58<0.9,"Good","Excellent"))))) -> Good | AP58: YES | AQ58: Poor supervision | AR58: Missing safety barricades and signage Poor housekeeping and material storage Unsafe high‑risk work control | AS58: supervisors were called, and rectification started immediately | AT58: Provide barricades, exclusion zones, and signage Maintain good housekeeping and safe storage Ensure close supervision and RAMS compliance | AV58: Construction Manager | AW58: 46135 | AX58: See Asite reference
A59: SIDP3-BW-KEO-ZZ-ZZ-XX-RP-HS-00178 | B59: 46132 | C59: =IF($B59="","",WEEKNUM($B59,2)) -> 17 | E59: =IF($B59="","",TEXT($B59,"yyyy-mm")) -> 2026-04 | F59: 3 | G59: Cluster 5 | H59: =IF(OR($F59="",$G59=""),"",IFERROR(IF($F59=INDEX(Cluster_Master!$A$4:$A$18,MATCH($G59,Cluster_Master!$B$4:$B$18,0)),"OK","CHECK"),"CHECK")) -> OK | I59: =IFERROR(INDEX(Cluster_Master!$C$4:$C$18,MATCH($G59,Cluster_Master!$B$4:$B$18,0)),"") -> INNOVO | J59: =IFERROR(INDEX(Cluster_Master!$D$4:$D$18,MATCH($G59,Cluster_Master!$B$4:$B$18,0)),"") -> Kahtan Tikriti | K59: =IFERROR(INDEX(Cluster_Master!$E$4:$E$18,MATCH($G59,Cluster_Master!$B$4:$B$18,0)),"") -> Michael Ghali | L59: =IFERROR(INDEX(Cluster_Master!$F$4:$F$18,MATCH($G59,Cluster_Master!$B$4:$B$18,0)),"") -> Robair Louies | M59: =IFERROR(INDEX(Cluster_Master!$G$4:$G$18,MATCH($G59,Cluster_Master!$B$4:$B$18,0)),"") -> Mazen Al Atwani | N59: =IFERROR(INDEX(Cluster_Master!$H$4:$H$18,MATCH($G59,Cluster_Master!$B$4:$B$18,0)),"") -> 0 | O59: Shinoj M | P59: KEO | Q59: Group 04 | S59: Edge Protection | T59: NO | U59: 3 | V59: 2 | W59: 4 | X59: 3 | Y59: 4 | Z59: 4 | AA59: 4 | AB59: 3 | AC59: 3 | AD59: 3 | AE59: 4 | AF59: 4 | AG59: 4 | AH59: 4 | AI59: 3 | AJ59: =IF(COUNTA(U59:AI59)=0,"",SUM(U59:AI59)) -> 52 | AK59: =IF(COUNTA(U59:AI59)=0,"",AJ59/75) -> 0.69333333 | AL59: =IF(COUNTA(U59:AI59)=0,"",(SUM(U59*KPI_Weights!$B$4,V59*KPI_Weights!$B$5,W59*KPI_Weights!$B$6,X59*KPI_Weights!$B$7,Y59*KPI_Weights!$B$8,Z59*KPI_Weights!$B$9,AA59*KPI_Weights!$B$10,AB59*KPI_Weights!$B$11,AC59*KPI_Weights!$B$12,AD59*KPI_Weights!$B$13,AE59*KPI_Weights!$B$14,AF59*KPI_Weights!$B$15,AG59*KPI_Weights!$B$16,AH59*KPI_Weights!$B$17,AI59*KPI_Weights!$B$18))/5) -> 0.662 | AM59: =IF(COUNTA(U59:AI59)=0,"",IF(OR(U59<=1,X59<=1,Y59<=1,Z59<=1,AC59<=1),"YES","NO")) -> NO | AN59: =IF(AK59="","",IF(AND(AM59="NO",AK59>=0.75),"YES","NO")) -> NO | AO59: =IF(AK59="","",IF(AK59<0.4,"Critical",IF(AK59<0.6,"Poor",IF(AK59<0.75,"Needs Improvement",IF(AK59<0.9,"Good","Excellent"))))) -> Needs Improvement | AP59: YES | AQ59: Poor supervision | AR59: 1. subcontractor control 2. Lack of maintenance crew 3. Housekeeping sysytem | AS59: Advised the engineer to allocate adequate resources to maintain the OHS standards | AT59: 1 conduct routine inspection 2. Competency assessment 3 Training and awareness | AV59: Construction manager HSE | AX59: A site reference provided
A60: SIDP3-BW-KEO-ZZ-ZZ-XX-RP-HS-0224 | B60: 46132 | C60: =IF($B60="","",WEEKNUM($B60,2)) -> 17 | E60: =IF($B60="","",TEXT($B60,"yyyy-mm")) -> 2026-04 | F60: 4 | G60: Cluster 2A | H60: =IF(OR($F60="",$G60=""),"",IFERROR(IF($F60=INDEX(Cluster_Master!$A$4:$A$18,MATCH($G60,Cluster_Master!$B$4:$B$18,0)),"OK","CHECK"),"CHECK")) -> OK | I60: =IFERROR(INDEX(Cluster_Master!$C$4:$C$18,MATCH($G60,Cluster_Master!$B$4:$B$18,0)),"") -> TAJV | J60: =IFERROR(INDEX(Cluster_Master!$D$4:$D$18,MATCH($G60,Cluster_Master!$B$4:$B$18,0)),"") -> Hicham Adel Narch | K60: =IFERROR(INDEX(Cluster_Master!$E$4:$E$18,MATCH($G60,Cluster_Master!$B$4:$B$18,0)),"") -> Ghaidh Alfaour | L60: =IFERROR(INDEX(Cluster_Master!$F$4:$F$18,MATCH($G60,Cluster_Master!$B$4:$B$18,0)),"") -> Ahmed Salah Hassan Dewidar | M60: =IFERROR(INDEX(Cluster_Master!$G$4:$G$18,MATCH($G60,Cluster_Master!$B$4:$B$18,0)),"") -> Timur Terakopov | N60: =IFERROR(INDEX(Cluster_Master!$H$4:$H$18,MATCH($G60,Cluster_Master!$B$4:$B$18,0)),"") -> Rami Issa | O60: Jackson | P60: KEO | Q60: Villa 62,63,55,46 | S60: Scaffolding | T60: YES | U60: 2 | V60: 3 | W60: 1 | X60: 3 | Y60: 2 | Z60: 1 | AA60: 1 | AB60: 3 | AC60: 3 | AD60: 3 | AE60: 3 | AF60: 3 | AG60: 3 | AH60: 2 | AI60: 2 | AJ60: =IF(COUNTA(U60:AI60)=0,"",SUM(U60:AI60)) -> 35 | AK60: =IF(COUNTA(U60:AI60)=0,"",AJ60/75) -> 0.46666667 | AL60: =IF(COUNTA(U60:AI60)=0,"",(SUM(U60*KPI_Weights!$B$4,V60*KPI_Weights!$B$5,W60*KPI_Weights!$B$6,X60*KPI_Weights!$B$7,Y60*KPI_Weights!$B$8,Z60*KPI_Weights!$B$9,AA60*KPI_Weights!$B$10,AB60*KPI_Weights!$B$11,AC60*KPI_Weights!$B$12,AD60*KPI_Weights!$B$13,AE60*KPI_Weights!$B$14,AF60*KPI_Weights!$B$15,AG60*KPI_Weights!$B$16,AH60*KPI_Weights!$B$17,AI60*KPI_Weights!$B$18))/5) -> 0.462 | AM60: =IF(COUNTA(U60:AI60)=0,"",IF(OR(U60<=1,X60<=1,Y60<=1,Z60<=1,AC60<=1),"YES","NO")) -> YES | AN60: =IF(AK60="","",IF(AND(AM60="NO",AK60>=0.75),"YES","NO")) -> NO | AO60: =IF(AK60="","",IF(AK60<0.4,"Critical",IF(AK60<0.6,"Poor",IF(AK60<0.75,"Needs Improvement",IF(AK60<0.9,"Good","Excellent"))))) -> Poor | AP60: YES | AQ60: Poor supervision | AR60: Lack of planning PTW failure Lack of Subcontractor control Lack of supervision No leadership presence | AT60: 1. Prepare Monthly lookahead programme for each package; 2. Prepare Weekly lookahead programme for each cluster; 3. Prepare Daily activity schedule for each cluster / block / villa 4. Develop Supervision deployment plan identifying the responsible site engineers, supervisors, and HSE personnel for each work front. 5. Ensure Subcontractors' engagement in the project is strictly based on the above plans. No work shall commence without an approved PTW by the main contractor. 6. Communicate officially to all subcontractors that no activity shall commence without first reporting to the main contractor on daily basis. 7. Regularly share the above plans with KEO for close follow up and monitoring. 8. Administer discipline to the key project leader(s) in the case of repeated violation. | AV60: Construction Manager | AW60: 46139 | AX60: See Asite reference
A61: SIDP3-BW-KEO-ZZ-ZZ-XX-RP-HS-0225 | B61: 46132 | C61: =IF($B61="","",WEEKNUM($B61,2)) -> 17 | E61: =IF($B61="","",TEXT($B61,"yyyy-mm")) -> 2026-04 | F61: 4 | G61: Cluster 2B | H61: =IF(OR($F61="",$G61=""),"",IFERROR(IF($F61=INDEX(Cluster_Master!$A$4:$A$18,MATCH($G61,Cluster_Master!$B$4:$B$18,0)),"OK","CHECK"),"CHECK")) -> OK | I61: =IFERROR(INDEX(Cluster_Master!$C$4:$C$18,MATCH($G61,Cluster_Master!$B$4:$B$18,0)),"") -> TAJV | J61: =IFERROR(INDEX(Cluster_Master!$D$4:$D$18,MATCH($G61,Cluster_Master!$B$4:$B$18,0)),"") -> Hicham Adel Narch | K61: =IFERROR(INDEX(Cluster_Master!$E$4:$E$18,MATCH($G61,Cluster_Master!$B$4:$B$18,0)),"") -> Ghaidh Alfaour | L61: =IFERROR(INDEX(Cluster_Master!$F$4:$F$18,MATCH($G61,Cluster_Master!$B$4:$B$18,0)),"") -> Ahmed Salah Hassan Dewidar | M61: =IFERROR(INDEX(Cluster_Master!$G$4:$G$18,MATCH($G61,Cluster_Master!$B$4:$B$18,0)),"") -> Timur Terakopov | N61: =IFERROR(INDEX(Cluster_Master!$H$4:$H$18,MATCH($G61,Cluster_Master!$B$4:$B$18,0)),"") -> Rami Issa | O61: Godwin | P61: KEO | Q61: Villa 132, 86,88 | S61: Permit to Work | T61: YES | U61: 0 | V61: 3 | W61: 3 | X61: 3 | Y61: 3 | Z61: 0 | AA61: 0 | AB61: 3 | AC61: 3 | AD61: 3 | AE61: 3 | AF61: 3 | AG61: 4 | AH61: 0 | AI61: 3 | AJ61: =IF(COUNTA(U61:AI61)=0,"",SUM(U61:AI61)) -> 34 | AK61: =IF(COUNTA(U61:AI61)=0,"",AJ61/75) -> 0.45333333 | AL61: =IF(COUNTA(U61:AI61)=0,"",(SUM(U61*KPI_Weights!$B$4,V61*KPI_Weights!$B$5,W61*KPI_Weights!$B$6,X61*KPI_Weights!$B$7,Y61*KPI_Weights!$B$8,Z61*KPI_Weights!$B$9,AA61*KPI_Weights!$B$10,AB61*KPI_Weights!$B$11,AC61*KPI_Weights!$B$12,AD61*KPI_Weights!$B$13,AE61*KPI_Weights!$B$14,AF61*KPI_Weights!$B$15,AG61*KPI_Weights!$B$16,AH61*KPI_Weights!$B$17,AI61*KPI_Weights!$B$18))/5) -> 0.436 | AM61: =IF(COUNTA(U61:AI61)=0,"",IF(OR(U61<=1,X61<=1,Y61<=1,Z61<=1,AC61<=1),"YES","NO")) -> YES | AN61: =IF(AK61="","",IF(AND(AM61="NO",AK61>=0.75),"YES","NO")) -> NO | AO61: =IF(AK61="","",IF(AK61<0.4,"Critical",IF(AK61<0.6,"Poor",IF(AK61<0.75,"Needs Improvement",IF(AK61<0.9,"Good","Excellent"))))) -> Poor | AP61: YES | AQ61: PTW failure | AR61: Lack of planning PTW failure Lack of Subcontractor control Lack of supervision No leadership presence | AT61: 1. Prepare Monthly lookahead programme for each package; 2. Prepare Weekly lookahead programme for each cluster; 3. Prepare Daily activity schedule for each cluster / block / villa 4. Develop Supervision deployment plan identifying the responsible site engineers, supervisors, and HSE personnel for each work front. 5. Ensure Subcontractors' engagement in the project is strictly based on the above plans. No work shall commence without an approved PTW by the main contractor. 6. Communicate officially to all subcontractors that no activity shall commence without first reporting to the main contractor on daily basis. 7. Regularly share the above plans with KEO for close follow up and monitoring. 8. Administer discipline to the key project leader(s) in the case of repeated violation. | AV61: Construction Manager | AW61: 46139 | AX61: See Asite reference
A62: SIDP3-BW-KEO-ZZ-ZZ-XX-RP-HS-00179 | B62: 46133 | C62: =IF($B62="","",WEEKNUM($B62,2)) -> 17 | E62: =IF($B62="","",TEXT($B62,"yyyy-mm")) -> 2026-04 | F62: 3 | G62: Cluster 5 | H62: =IF(OR($F62="",$G62=""),"",IFERROR(IF($F62=INDEX(Cluster_Master!$A$4:$A$18,MATCH($G62,Cluster_Master!$B$4:$B$18,0)),"OK","CHECK"),"CHECK")) -> OK | I62: =IFERROR(INDEX(Cluster_Master!$C$4:$C$18,MATCH($G62,Cluster_Master!$B$4:$B$18,0)),"") -> INNOVO | J62: =IFERROR(INDEX(Cluster_Master!$D$4:$D$18,MATCH($G62,Cluster_Master!$B$4:$B$18,0)),"") -> Kahtan Tikriti | K62: =IFERROR(INDEX(Cluster_Master!$E$4:$E$18,MATCH($G62,Cluster_Master!$B$4:$B$18,0)),"") -> Michael Ghali | L62: =IFERROR(INDEX(Cluster_Master!$F$4:$F$18,MATCH($G62,Cluster_Master!$B$4:$B$18,0)),"") -> Robair Louies | M62: =IFERROR(INDEX(Cluster_Master!$G$4:$G$18,MATCH($G62,Cluster_Master!$B$4:$B$18,0)),"") -> Mazen Al Atwani | N62: =IFERROR(INDEX(Cluster_Master!$H$4:$H$18,MATCH($G62,Cluster_Master!$B$4:$B$18,0)),"") -> 0 | O62: Shinoj M | P62: KEO | Q62: Block B | S62: Electrical Safety | T62: NO | U62: 3 | V62: 3 | W62: 4 | X62: 4 | Y62: 3 | Z62: 4 | AA62: 3 | AB62: 4 | AC62: 4 | AD62: 3 | AE62: 3.5 | AF62: 4 | AG62: 4 | AH62: 4 | AI62: 2 | AJ62: =IF(COUNTA(U62:AI62)=0,"",SUM(U62:AI62)) -> 52.5 | AK62: =IF(COUNTA(U62:AI62)=0,"",AJ62/75) -> 0.7 | AL62: =IF(COUNTA(U62:AI62)=0,"",(SUM(U62*KPI_Weights!$B$4,V62*KPI_Weights!$B$5,W62*KPI_Weights!$B$6,X62*KPI_Weights!$B$7,Y62*KPI_Weights!$B$8,Z62*KPI_Weights!$B$9,AA62*KPI_Weights!$B$10,AB62*KPI_Weights!$B$11,AC62*KPI_Weights!$B$12,AD62*KPI_Weights!$B$13,AE62*KPI_Weights!$B$14,AF62*KPI_Weights!$B$15,AG62*KPI_Weights!$B$16,AH62*KPI_Weights!$B$17,AI62*KPI_Weights!$B$18))/5) -> 0.681 | AM62: =IF(COUNTA(U62:AI62)=0,"",IF(OR(U62<=1,X62<=1,Y62<=1,Z62<=1,AC62<=1),"YES","NO")) -> NO | AN62: =IF(AK62="","",IF(AND(AM62="NO",AK62>=0.75),"YES","NO")) -> NO | AO62: =IF(AK62="","",IF(AK62<0.4,"Critical",IF(AK62<0.6,"Poor",IF(AK62<0.75,"Needs Improvement",IF(AK62<0.9,"Good","Excellent"))))) -> Needs Improvement | AP62: YES | AQ62: Poor subcontractor control | AR62: 1 Inspection and maintenance 2 Housekeeping arrangements 3 Permit to work sysytem | AS62: Advised the engineer to allocate adequate resources to maintain the OHS standards | AT62: 1. Appoint a dedicated team for inspection an dmaintannace 2. Conduc t training to the workforce 3. Conduct periodic inspections | AV62: Construction manager HSE | AX62: A site reference provided
A63: SIDP3-BW-KEO-ZZ-ZZ-XX-RP-HS-00180 | B63: 46133 | C63: =IF($B63="","",WEEKNUM($B63,2)) -> 17 | E63: =IF($B63="","",TEXT($B63,"yyyy-mm")) -> 2026-04 | F63: 3 | G63: Cluster 4 | H63: =IF(OR($F63="",$G63=""),"",IFERROR(IF($F63=INDEX(Cluster_Master!$A$4:$A$18,MATCH($G63,Cluster_Master!$B$4:$B$18,0)),"OK","CHECK"),"CHECK")) -> OK | I63: =IFERROR(INDEX(Cluster_Master!$C$4:$C$18,MATCH($G63,Cluster_Master!$B$4:$B$18,0)),"") -> INNOVO | J63: =IFERROR(INDEX(Cluster_Master!$D$4:$D$18,MATCH($G63,Cluster_Master!$B$4:$B$18,0)),"") -> Kahtan Tikriti | K63: =IFERROR(INDEX(Cluster_Master!$E$4:$E$18,MATCH($G63,Cluster_Master!$B$4:$B$18,0)),"") -> Aiman Abdullah | L63: =IFERROR(INDEX(Cluster_Master!$F$4:$F$18,MATCH($G63,Cluster_Master!$B$4:$B$18,0)),"") -> Baha Basheer | M63: =IFERROR(INDEX(Cluster_Master!$G$4:$G$18,MATCH($G63,Cluster_Master!$B$4:$B$18,0)),"") -> Mazen Al Atwani | N63: =IFERROR(INDEX(Cluster_Master!$H$4:$H$18,MATCH($G63,Cluster_Master!$B$4:$B$18,0)),"") -> 0 | O63: S Samraj | P63: KEO | S63: Scaffolding | T63: NO | U63: 3 | V63: 4 | W63: 4 | X63: 3 | Y63: 3 | Z63: 3 | AA63: 3 | AB63: 4 | AC63: 3 | AD63: 4 | AE63: 3 | AF63: 4 | AG63: 3 | AH63: 4 | AI63: 3 | AJ63: =IF(COUNTA(U63:AI63)=0,"",SUM(U63:AI63)) -> 51 | AK63: =IF(COUNTA(U63:AI63)=0,"",AJ63/75) -> 0.68 | AL63: =IF(COUNTA(U63:AI63)=0,"",(SUM(U63*KPI_Weights!$B$4,V63*KPI_Weights!$B$5,W63*KPI_Weights!$B$6,X63*KPI_Weights!$B$7,Y63*KPI_Weights!$B$8,Z63*KPI_Weights!$B$9,AA63*KPI_Weights!$B$10,AB63*KPI_Weights!$B$11,AC63*KPI_Weights!$B$12,AD63*KPI_Weights!$B$13,AE63*KPI_Weights!$B$14,AF63*KPI_Weights!$B$15,AG63*KPI_Weights!$B$16,AH63*KPI_Weights!$B$17,AI63*KPI_Weights!$B$18))/5) -> 0.664 | AM63: =IF(COUNTA(U63:AI63)=0,"",IF(OR(U63<=1,X63<=1,Y63<=1,Z63<=1,AC63<=1),"YES","NO")) -> NO | AN63: =IF(AK63="","",IF(AND(AM63="NO",AK63>=0.75),"YES","NO")) -> NO | AO63: =IF(AK63="","",IF(AK63<0.4,"Critical",IF(AK63<0.6,"Poor",IF(AK63<0.75,"Needs Improvement",IF(AK63<0.9,"Good","Excellent"))))) -> Needs Improvement | AP63: YES | AQ63: Inadequate competence | AS63: Advised the engineer to allocate adequate resources to maintain the OHS standards
A64: SIDP3-BW-KEO-ZZ-ZZ-XX-RP-HS-00181 | B64: 46133 | C64: =IF($B64="","",WEEKNUM($B64,2)) -> 17 | E64: =IF($B64="","",TEXT($B64,"yyyy-mm")) -> 2026-04 | F64: 3 | G64: Cluster 6 | H64: =IF(OR($F64="",$G64=""),"",IFERROR(IF($F64=INDEX(Cluster_Master!$A$4:$A$18,MATCH($G64,Cluster_Master!$B$4:$B$18,0)),"OK","CHECK"),"CHECK")) -> OK | I64: =IFERROR(INDEX(Cluster_Master!$C$4:$C$18,MATCH($G64,Cluster_Master!$B$4:$B$18,0)),"") -> INNOVO | J64: =IFERROR(INDEX(Cluster_Master!$D$4:$D$18,MATCH($G64,Cluster_Master!$B$4:$B$18,0)),"") -> Kahtan Tikriti | K64: =IFERROR(INDEX(Cluster_Master!$E$4:$E$18,MATCH($G64,Cluster_Master!$B$4:$B$18,0)),"") -> Michael Ghali | L64: =IFERROR(INDEX(Cluster_Master!$F$4:$F$18,MATCH($G64,Cluster_Master!$B$4:$B$18,0)),"") -> Remon Karas | M64: =IFERROR(INDEX(Cluster_Master!$G$4:$G$18,MATCH($G64,Cluster_Master!$B$4:$B$18,0)),"") -> Mazen Al Atwani | N64: =IFERROR(INDEX(Cluster_Master!$H$4:$H$18,MATCH($G64,Cluster_Master!$B$4:$B$18,0)),"") -> 0 | O64: Shakir | P64: KEO | Q64: V24,V44 | S64: Electrical Safety | T64: NO | V64: 3 | W64: 3 | X64: 4 | Y64: 3 | Z64: 3.5 | AA64: 3.5 | AB64: 4 | AD64: 3.5 | AE64: 4 | AF64: 4 | AG64: 4 | AH64: 3.5 | AI64: 3.5 | AJ64: =IF(COUNTA(U64:AI64)=0,"",SUM(U64:AI64)) -> 46.5 | AK64: =IF(COUNTA(U64:AI64)=0,"",AJ64/75) -> 0.62 | AL64: =IF(COUNTA(U64:AI64)=0,"",(SUM(U64*KPI_Weights!$B$4,V64*KPI_Weights!$B$5,W64*KPI_Weights!$B$6,X64*KPI_Weights!$B$7,Y64*KPI_Weights!$B$8,Z64*KPI_Weights!$B$9,AA64*KPI_Weights!$B$10,AB64*KPI_Weights!$B$11,AC64*KPI_Weights!$B$12,AD64*KPI_Weights!$B$13,AE64*KPI_Weights!$B$14,AF64*KPI_Weights!$B$15,AG64*KPI_Weights!$B$16,AH64*KPI_Weights!$B$17,AI64*KPI_Weights!$B$18))/5) -> 0.541 | AM64: =IF(COUNTA(U64:AI64)=0,"",IF(OR(U64<=1,X64<=1,Y64<=1,Z64<=1,AC64<=1),"YES","NO")) -> YES | AN64: =IF(AK64="","",IF(AND(AM64="NO",AK64>=0.75),"YES","NO")) -> NO | AO64: =IF(AK64="","",IF(AK64<0.4,"Critical",IF(AK64<0.6,"Poor",IF(AK64<0.75,"Needs Improvement",IF(AK64<0.9,"Good","Excellent"))))) -> Needs Improvement | AP64: NO | AQ64: PTW failure | AR64: PTW Implementation-poor supervision-lack of subcontractor control | AS64: The construction manager has been informed and the concerned supervisory team was called to rectify all the observations raised in the inspection | AT64: Ensure PTW is implemented for all testing and commissioning activities,provide proper barricades prior starting any work on the slab of the parking | AV64: Construction Manager | AW64: 46140 | AX64: A site reference provided
A65: SIDP3-BW-KEO-ZZ-ZZ-XX-RP-HS-00182 | B65: 46133 | C65: =IF($B65="","",WEEKNUM($B65,2)) -> 17 | E65: =IF($B65="","",TEXT($B65,"yyyy-mm")) -> 2026-04 | F65: 3 | G65: Cluster 3 | H65: =IF(OR($F65="",$G65=""),"",IFERROR(IF($F65=INDEX(Cluster_Master!$A$4:$A$18,MATCH($G65,Cluster_Master!$B$4:$B$18,0)),"OK","CHECK"),"CHECK")) -> OK | I65: =IFERROR(INDEX(Cluster_Master!$C$4:$C$18,MATCH($G65,Cluster_Master!$B$4:$B$18,0)),"") -> INNOVO | J65: =IFERROR(INDEX(Cluster_Master!$D$4:$D$18,MATCH($G65,Cluster_Master!$B$4:$B$18,0)),"") -> Kahtan Tikriti | K65: =IFERROR(INDEX(Cluster_Master!$E$4:$E$18,MATCH($G65,Cluster_Master!$B$4:$B$18,0)),"") -> Aiman Abdullah | L65: =IFERROR(INDEX(Cluster_Master!$F$4:$F$18,MATCH($G65,Cluster_Master!$B$4:$B$18,0)),"") -> Salama Al Samdy | M65: =IFERROR(INDEX(Cluster_Master!$G$4:$G$18,MATCH($G65,Cluster_Master!$B$4:$B$18,0)),"") -> Mazen Al Atwani | N65: =IFERROR(INDEX(Cluster_Master!$H$4:$H$18,MATCH($G65,Cluster_Master!$B$4:$B$18,0)),"") -> 0 | O65: Godwin | P65: KEO | S65: Work at Height | T65: NO | U65: 2 | V65: 3 | W65: 3 | X65: 3 | Y65: 3 | Z65: 3 | AA65: 2 | AB65: 4 | AC65: 3 | AD65: 3 | AE65: 2 | AF65: 3 | AG65: 3 | AH65: 2 | AI65: 3 | AJ65: =IF(COUNTA(U65:AI65)=0,"",SUM(U65:AI65)) -> 42 | AK65: =IF(COUNTA(U65:AI65)=0,"",AJ65/75) -> 0.56 | AL65: =IF(COUNTA(U65:AI65)=0,"",(SUM(U65*KPI_Weights!$B$4,V65*KPI_Weights!$B$5,W65*KPI_Weights!$B$6,X65*KPI_Weights!$B$7,Y65*KPI_Weights!$B$8,Z65*KPI_Weights!$B$9,AA65*KPI_Weights!$B$10,AB65*KPI_Weights!$B$11,AC65*KPI_Weights!$B$12,AD65*KPI_Weights!$B$13,AE65*KPI_Weights!$B$14,AF65*KPI_Weights!$B$15,AG65*KPI_Weights!$B$16,AH65*KPI_Weights!$B$17,AI65*KPI_Weights!$B$18))/5) -> 0.558 | AM65: =IF(COUNTA(U65:AI65)=0,"",IF(OR(U65<=1,X65<=1,Y65<=1,Z65<=1,AC65<=1),"YES","NO")) -> NO | AN65: =IF(AK65="","",IF(AND(AM65="NO",AK65>=0.75),"YES","NO")) -> NO | AO65: =IF(AK65="","",IF(AK65<0.4,"Critical",IF(AK65<0.6,"Poor",IF(AK65<0.75,"Needs Improvement",IF(AK65<0.9,"Good","Excellent"))))) -> Poor | AP65: YES | AQ65: Poor subcontractor control | AR65: Poor supervision Poor subcontractor control PTW failure | AS65: Workers were removed from the villa and the construction team advised to initiate immediate correction. Correcxtions include conducting general housekeeping around the affected villas, barricading exposed manhole, removing orange scaffolding from the villa and raising trailing cables from the floor. | AT65: 1. Install a door on the cat ladder 2. Control Access to cat ladder using PTW system. 3. Install temporary waste collection point at every villa. 4. Instruct contractors to conduct housekeeping by the end of every shift. 5. Work milestone and payment shall be linked to acceptable housekeeping standard. 6. PTW shall not be closed if housekeeping standard is poor. 7. New PTW shall not be issued if issues in previous permit are not resolved. | AV65: Construction Manager | AW65: 46136 | AX65: A site reference provided
A66: SIDP3-BW-KEO-ZZ-ZZ-XX-RP-HS-00183 | B66: 46134 | C66: =IF($B66="","",WEEKNUM($B66,2)) -> 17 | E66: =IF($B66="","",TEXT($B66,"yyyy-mm")) -> 2026-04 | F66: 3 | G66: Cluster 6 | H66: =IF(OR($F66="",$G66=""),"",IFERROR(IF($F66=INDEX(Cluster_Master!$A$4:$A$18,MATCH($G66,Cluster_Master!$B$4:$B$18,0)),"OK","CHECK"),"CHECK")) -> OK | I66: =IFERROR(INDEX(Cluster_Master!$C$4:$C$18,MATCH($G66,Cluster_Master!$B$4:$B$18,0)),"") -> INNOVO | J66: =IFERROR(INDEX(Cluster_Master!$D$4:$D$18,MATCH($G66,Cluster_Master!$B$4:$B$18,0)),"") -> Kahtan Tikriti | K66: =IFERROR(INDEX(Cluster_Master!$E$4:$E$18,MATCH($G66,Cluster_Master!$B$4:$B$18,0)),"") -> Michael Ghali | L66: =IFERROR(INDEX(Cluster_Master!$F$4:$F$18,MATCH($G66,Cluster_Master!$B$4:$B$18,0)),"") -> Remon Karas | M66: =IFERROR(INDEX(Cluster_Master!$G$4:$G$18,MATCH($G66,Cluster_Master!$B$4:$B$18,0)),"") -> Mazen Al Atwani | N66: =IFERROR(INDEX(Cluster_Master!$H$4:$H$18,MATCH($G66,Cluster_Master!$B$4:$B$18,0)),"") -> 0 | O66: Shakir | P66: KEO | Q66: v03 | S66: Excavation | T66: NO | V66: 4 | W66: 4 | X66: 3 | Z66: 4 | AA66: 4 | AB66: 4 | AD66: 2 | AE66: 3 | AF66: 4 | AG66: 3 | AH66: 3 | AI66: 4 | AJ66: =IF(COUNTA(U66:AI66)=0,"",SUM(U66:AI66)) -> 42 | AK66: =IF(COUNTA(U66:AI66)=0,"",AJ66/75) -> 0.56 | AL66: =IF(COUNTA(U66:AI66)=0,"",(SUM(U66*KPI_Weights!$B$4,V66*KPI_Weights!$B$5,W66*KPI_Weights!$B$6,X66*KPI_Weights!$B$7,Y66*KPI_Weights!$B$8,Z66*KPI_Weights!$B$9,AA66*KPI_Weights!$B$10,AB66*KPI_Weights!$B$11,AC66*KPI_Weights!$B$12,AD66*KPI_Weights!$B$13,AE66*KPI_Weights!$B$14,AF66*KPI_Weights!$B$15,AG66*KPI_Weights!$B$16,AH66*KPI_Weights!$B$17,AI66*KPI_Weights!$B$18))/5) -> 0.482 | AM66: =IF(COUNTA(U66:AI66)=0,"",IF(OR(U66<=1,X66<=1,Y66<=1,Z66<=1,AC66<=1),"YES","NO")) -> YES | AN66: =IF(AK66="","",IF(AND(AM66="NO",AK66>=0.75),"YES","NO")) -> NO | AO66: =IF(AK66="","",IF(AK66<0.4,"Critical",IF(AK66<0.6,"Poor",IF(AK66<0.75,"Needs Improvement",IF(AK66<0.9,"Good","Excellent"))))) -> Poor | AP66: YES | AQ66: PTW failure | AR66: poor supervisoin control-houseekping - material managment | AS66: site engineer was informed to ensure proper housekeeping and secure all the glass storage | AT66: -PTW implementation-proper subcontractor control | AV66: Construction Manager | AW66: 46141 | AX66: A site reference provided
A67: SIDP3-BW-KEO-ZZ-ZZ-XX-RP-HS-00184 | B67: 46134 | C67: =IF($B67="","",WEEKNUM($B67,2)) -> 17 | E67: =IF($B67="","",TEXT($B67,"yyyy-mm")) -> 2026-04 | F67: 3 | G67: Cluster 4 | H67: =IF(OR($F67="",$G67=""),"",IFERROR(IF($F67=INDEX(Cluster_Master!$A$4:$A$18,MATCH($G67,Cluster_Master!$B$4:$B$18,0)),"OK","CHECK"),"CHECK")) -> OK | I67: =IFERROR(INDEX(Cluster_Master!$C$4:$C$18,MATCH($G67,Cluster_Master!$B$4:$B$18,0)),"") -> INNOVO | J67: =IFERROR(INDEX(Cluster_Master!$D$4:$D$18,MATCH($G67,Cluster_Master!$B$4:$B$18,0)),"") -> Kahtan Tikriti | K67: =IFERROR(INDEX(Cluster_Master!$E$4:$E$18,MATCH($G67,Cluster_Master!$B$4:$B$18,0)),"") -> Aiman Abdullah | L67: =IFERROR(INDEX(Cluster_Master!$F$4:$F$18,MATCH($G67,Cluster_Master!$B$4:$B$18,0)),"") -> Baha Basheer | M67: =IFERROR(INDEX(Cluster_Master!$G$4:$G$18,MATCH($G67,Cluster_Master!$B$4:$B$18,0)),"") -> Mazen Al Atwani | N67: =IFERROR(INDEX(Cluster_Master!$H$4:$H$18,MATCH($G67,Cluster_Master!$B$4:$B$18,0)),"") -> 0 | O67: Shinoj | P67: KEO | Q67: Block 01 | S67: Edge Protection | U67: 4 | V67: 2 | W67: 2 | X67: 3 | Y67: 3 | Z67: 4 | AA67: 4 | AB67: 3 | AC67: 4 | AD67: 4 | AE67: 4 | AF67: 4 | AG67: 4 | AH67: 4 | AI67: 3 | AJ67: =IF(COUNTA(U67:AI67)=0,"",SUM(U67:AI67)) -> 52 | AK67: =IF(COUNTA(U67:AI67)=0,"",AJ67/75) -> 0.69333333 | AL67: =IF(COUNTA(U67:AI67)=0,"",(SUM(U67*KPI_Weights!$B$4,V67*KPI_Weights!$B$5,W67*KPI_Weights!$B$6,X67*KPI_Weights!$B$7,Y67*KPI_Weights!$B$8,Z67*KPI_Weights!$B$9,AA67*KPI_Weights!$B$10,AB67*KPI_Weights!$B$11,AC67*KPI_Weights!$B$12,AD67*KPI_Weights!$B$13,AE67*KPI_Weights!$B$14,AF67*KPI_Weights!$B$15,AG67*KPI_Weights!$B$16,AH67*KPI_Weights!$B$17,AI67*KPI_Weights!$B$18))/5) -> 0.678 | AM67: =IF(COUNTA(U67:AI67)=0,"",IF(OR(U67<=1,X67<=1,Y67<=1,Z67<=1,AC67<=1),"YES","NO")) -> NO | AN67: =IF(AK67="","",IF(AND(AM67="NO",AK67>=0.75),"YES","NO")) -> NO | AO67: =IF(AK67="","",IF(AK67<0.4,"Critical",IF(AK67<0.6,"Poor",IF(AK67<0.75,"Needs Improvement",IF(AK67<0.9,"Good","Excellent"))))) -> Needs Improvement | AP67: YES | AQ67: Poor supervision | AR67: 1. Simultaneous operations 2. Lack of resources 3 Training and awareness | AS67: Advised the cluster engineer to allocate adequate resorces | AT67: 1- Conduct training for the workforce 2 Pre-plan the activities to avoid unsafe SIMOS 3 -conduct periodic inspections | AV67: CM OHS | AX67: A site reference provided
A68: SIDPW-BW-KEO-ZZ-ZZ-XX-RP-HS-00226 | B68: 46133 | C68: =IF($B68="","",WEEKNUM($B68,2)) -> 17 | E68: =IF($B68="","",TEXT($B68,"yyyy-mm")) -> 2026-04 | F68: 2 | G68: Cluster 8B | H68: =IF(OR($F68="",$G68=""),"",IFERROR(IF($F68=INDEX(Cluster_Master!$A$4:$A$18,MATCH($G68,Cluster_Master!$B$4:$B$18,0)),"OK","CHECK"),"CHECK")) -> OK | I68: =IFERROR(INDEX(Cluster_Master!$C$4:$C$18,MATCH($G68,Cluster_Master!$B$4:$B$18,0)),"") -> TAJV | J68: =IFERROR(INDEX(Cluster_Master!$D$4:$D$18,MATCH($G68,Cluster_Master!$B$4:$B$18,0)),"") -> Hicham Adel Narch | K68: =IFERROR(INDEX(Cluster_Master!$E$4:$E$18,MATCH($G68,Cluster_Master!$B$4:$B$18,0)),"") -> Ghaidh Alfaour | L68: =IFERROR(INDEX(Cluster_Master!$F$4:$F$18,MATCH($G68,Cluster_Master!$B$4:$B$18,0)),"") -> Mohamed Salama | M68: =IFERROR(INDEX(Cluster_Master!$G$4:$G$18,MATCH($G68,Cluster_Master!$B$4:$B$18,0)),"") -> Timur | N68: =IFERROR(INDEX(Cluster_Master!$H$4:$H$18,MATCH($G68,Cluster_Master!$B$4:$B$18,0)),"") -> Ahmad Adel | O68: Jackson | P68: KEO | Q68: VIlla 142 to 138 | S68: Work at Height | T68: YES | U68: 1 | V68: 2 | W68: 2 | X68: 2 | Y68: 3.5 | Z68: 2 | AA68: 2 | AB68: 3 | AC68: 3.5 | AD68: 3 | AE68: 2 | AF68: 4 | AG68: 2 | AH68: 3 | AI68: 3 | AJ68: =IF(COUNTA(U68:AI68)=0,"",SUM(U68:AI68)) -> 38 | AK68: =IF(COUNTA(U68:AI68)=0,"",AJ68/75) -> 0.50666667 | AL68: =IF(COUNTA(U68:AI68)=0,"",(SUM(U68*KPI_Weights!$B$4,V68*KPI_Weights!$B$5,W68*KPI_Weights!$B$6,X68*KPI_Weights!$B$7,Y68*KPI_Weights!$B$8,Z68*KPI_Weights!$B$9,AA68*KPI_Weights!$B$10,AB68*KPI_Weights!$B$11,AC68*KPI_Weights!$B$12,AD68*KPI_Weights!$B$13,AE68*KPI_Weights!$B$14,AF68*KPI_Weights!$B$15,AG68*KPI_Weights!$B$16,AH68*KPI_Weights!$B$17,AI68*KPI_Weights!$B$18))/5) -> 0.484 | AM68: =IF(COUNTA(U68:AI68)=0,"",IF(OR(U68<=1,X68<=1,Y68<=1,Z68<=1,AC68<=1),"YES","NO")) -> YES | AN68: =IF(AK68="","",IF(AND(AM68="NO",AK68>=0.75),"YES","NO")) -> NO | AO68: =IF(AK68="","",IF(AK68<0.4,"Critical",IF(AK68<0.6,"Poor",IF(AK68<0.75,"Needs Improvement",IF(AK68<0.9,"Good","Excellent"))))) -> Poor | AP68: YES | AQ68: Poor supervision | AR68: Lack of inspection Lack of monitoring PTW implementation | AS68: Unsafe scaffolding erection has been suspended. Corrective and preventive action Communicated with action owners. Instructed Construction manager to allocate competent supervision | AT68: Scaffolding shall be erected in accordance with the approved design and MSRA Always maintain the close competent supervsion. Permit to work shall be efficiently implemented | AV68: Construction manager HSE Manager | AW68: 46136 | AX68: Asite Reff provided
A69: SIDPW-BW-KEO-ZZ-ZZ-XX-RP-HS-00227 | B69: 46133 | C69: =IF($B69="","",WEEKNUM($B69,2)) -> 17 | E69: =IF($B69="","",TEXT($B69,"yyyy-mm")) -> 2026-04 | F69: 2 | G69: Cluster 8A | H69: =IF(OR($F69="",$G69=""),"",IFERROR(IF($F69=INDEX(Cluster_Master!$A$4:$A$18,MATCH($G69,Cluster_Master!$B$4:$B$18,0)),"OK","CHECK"),"CHECK")) -> OK | I69: =IFERROR(INDEX(Cluster_Master!$C$4:$C$18,MATCH($G69,Cluster_Master!$B$4:$B$18,0)),"") -> TAJV | J69: =IFERROR(INDEX(Cluster_Master!$D$4:$D$18,MATCH($G69,Cluster_Master!$B$4:$B$18,0)),"") -> Hicham Adel Narch | K69: =IFERROR(INDEX(Cluster_Master!$E$4:$E$18,MATCH($G69,Cluster_Master!$B$4:$B$18,0)),"") -> Ghaidh Alfaour | L69: =IFERROR(INDEX(Cluster_Master!$F$4:$F$18,MATCH($G69,Cluster_Master!$B$4:$B$18,0)),"") -> Mohamed Salama | M69: =IFERROR(INDEX(Cluster_Master!$G$4:$G$18,MATCH($G69,Cluster_Master!$B$4:$B$18,0)),"") -> Timur | N69: =IFERROR(INDEX(Cluster_Master!$H$4:$H$18,MATCH($G69,Cluster_Master!$B$4:$B$18,0)),"") -> Ahmad Adel | O69: Abdel Monem | P69: KEO | Q69: General | S69: Edge Protection | T69: YES | U69: 3 | V69: 2.5 | W69: 2 | X69: 4 | Y69: 3 | Z69: 3 | AA69: 3 | AB69: 3 | AC69: 3.5 | AD69: 3.5 | AE69: 2 | AF69: 3 | AG69: 3 | AH69: 3.5 | AI69: 3.5 | AJ69: =IF(COUNTA(U69:AI69)=0,"",SUM(U69:AI69)) -> 45.5 | AK69: =IF(COUNTA(U69:AI69)=0,"",AJ69/75) -> 0.60666667 | AL69: =IF(COUNTA(U69:AI69)=0,"",(SUM(U69*KPI_Weights!$B$4,V69*KPI_Weights!$B$5,W69*KPI_Weights!$B$6,X69*KPI_Weights!$B$7,Y69*KPI_Weights!$B$8,Z69*KPI_Weights!$B$9,AA69*KPI_Weights!$B$10,AB69*KPI_Weights!$B$11,AC69*KPI_Weights!$B$12,AD69*KPI_Weights!$B$13,AE69*KPI_Weights!$B$14,AF69*KPI_Weights!$B$15,AG69*KPI_Weights!$B$16,AH69*KPI_Weights!$B$17,AI69*KPI_Weights!$B$18))/5) -> 0.613 | AM69: =IF(COUNTA(U69:AI69)=0,"",IF(OR(U69<=1,X69<=1,Y69<=1,Z69<=1,AC69<=1),"YES","NO")) -> NO | AN69: =IF(AK69="","",IF(AND(AM69="NO",AK69>=0.75),"YES","NO")) -> NO | AO69: =IF(AK69="","",IF(AK69<0.4,"Critical",IF(AK69<0.6,"Poor",IF(AK69<0.75,"Needs Improvement",IF(AK69<0.9,"Good","Excellent"))))) -> Needs Improvement | AP69: YES | AQ69: Poor supervision | AR69: Lack of inspection Lack of monitoring PTW implementation | AS69: Corrective and preventive action Communicated with action owners. Instructed Construction manager to reinstate the edge protection . | AT69: Always maintain the close competent supervsion. Permit to work shall be efficiently implemented | AV69: Construction Manager | AW69: 46136 | AX69: Asite Reff provided
A70: SIDPW-BW-KEO-ZZ-ZZ-XX-RP-HS-00228 | B70: 46134 | C70: =IF($B70="","",WEEKNUM($B70,2)) -> 17 | E70: =IF($B70="","",TEXT($B70,"yyyy-mm")) -> 2026-04 | F70: 2 | G70: Cluster 7A | H70: =IF(OR($F70="",$G70=""),"",IFERROR(IF($F70=INDEX(Cluster_Master!$A$4:$A$18,MATCH($G70,Cluster_Master!$B$4:$B$18,0)),"OK","CHECK"),"CHECK")) -> OK | I70: =IFERROR(INDEX(Cluster_Master!$C$4:$C$18,MATCH($G70,Cluster_Master!$B$4:$B$18,0)),"") -> TAJV | J70: =IFERROR(INDEX(Cluster_Master!$D$4:$D$18,MATCH($G70,Cluster_Master!$B$4:$B$18,0)),"") -> Hicham Adel Narch | K70: =IFERROR(INDEX(Cluster_Master!$E$4:$E$18,MATCH($G70,Cluster_Master!$B$4:$B$18,0)),"") -> Ghaidh Alfaour | L70: =IFERROR(INDEX(Cluster_Master!$F$4:$F$18,MATCH($G70,Cluster_Master!$B$4:$B$18,0)),"") -> George Deeb | M70: =IFERROR(INDEX(Cluster_Master!$G$4:$G$18,MATCH($G70,Cluster_Master!$B$4:$B$18,0)),"") -> Timur | N70: =IFERROR(INDEX(Cluster_Master!$H$4:$H$18,MATCH($G70,Cluster_Master!$B$4:$B$18,0)),"") -> Liqat | O70: Abdel Monem | P70: KEO | Q70: General | S70: Edge Protection | T70: NO | U70: 3 | V70: 2.5 | W70: 2.5 | X70: 3 | Y70: 3 | Z70: 3 | AA70: 2.5 | AB70: 3 | AC70: 2.5 | AD70: 4 | AE70: 4 | AF70: 4 | AG70: 2.5 | AH70: 3 | AI70: 3 | AJ70: =IF(COUNTA(U70:AI70)=0,"",SUM(U70:AI70)) -> 45.5 | AK70: =IF(COUNTA(U70:AI70)=0,"",AJ70/75) -> 0.60666667 | AL70: =IF(COUNTA(U70:AI70)=0,"",(SUM(U70*KPI_Weights!$B$4,V70*KPI_Weights!$B$5,W70*KPI_Weights!$B$6,X70*KPI_Weights!$B$7,Y70*KPI_Weights!$B$8,Z70*KPI_Weights!$B$9,AA70*KPI_Weights!$B$10,AB70*KPI_Weights!$B$11,AC70*KPI_Weights!$B$12,AD70*KPI_Weights!$B$13,AE70*KPI_Weights!$B$14,AF70*KPI_Weights!$B$15,AG70*KPI_Weights!$B$16,AH70*KPI_Weights!$B$17,AI70*KPI_Weights!$B$18))/5) -> 0.586 | AM70: =IF(COUNTA(U70:AI70)=0,"",IF(OR(U70<=1,X70<=1,Y70<=1,Z70<=1,AC70<=1),"YES","NO")) -> NO | AN70: =IF(AK70="","",IF(AND(AM70="NO",AK70>=0.75),"YES","NO")) -> NO | AO70: =IF(AK70="","",IF(AK70<0.4,"Critical",IF(AK70<0.6,"Poor",IF(AK70<0.75,"Needs Improvement",IF(AK70<0.9,"Good","Excellent"))))) -> Needs Improvement | AP70: YES | AQ70: Poor supervision | AR70: Lack of inspection Lack of monitoring PTW implementation | AS70: Corrective and preventive action Communicated with action owners. Instructed Construction manager to allocate competent supervision | AT70: Always maintain the close competent supervsion. Permit to work shall be efficiently implemented | AV70: Construction Manager | AW70: 46137 | AX70: Asite Reff provided
A71: SIDPW-BW-KEO-ZZ-ZZ-XX-RP-HS-00229 | B71: 46134 | C71: =IF($B71="","",WEEKNUM($B71,2)) -> 17 | E71: =IF($B71="","",TEXT($B71,"yyyy-mm")) -> 2026-04 | F71: 4 | G71: Cluster 1A | H71: =IF(OR($F71="",$G71=""),"",IFERROR(IF($F71=INDEX(Cluster_Master!$A$4:$A$18,MATCH($G71,Cluster_Master!$B$4:$B$18,0)),"OK","CHECK"),"CHECK")) -> OK | I71: =IFERROR(INDEX(Cluster_Master!$C$4:$C$18,MATCH($G71,Cluster_Master!$B$4:$B$18,0)),"") -> TAJV | J71: =IFERROR(INDEX(Cluster_Master!$D$4:$D$18,MATCH($G71,Cluster_Master!$B$4:$B$18,0)),"") -> Hicham Adel Narch | K71: =IFERROR(INDEX(Cluster_Master!$E$4:$E$18,MATCH($G71,Cluster_Master!$B$4:$B$18,0)),"") -> Ghaidh Alfaour | L71: =IFERROR(INDEX(Cluster_Master!$F$4:$F$18,MATCH($G71,Cluster_Master!$B$4:$B$18,0)),"") -> Alaa Hegab | M71: =IFERROR(INDEX(Cluster_Master!$G$4:$G$18,MATCH($G71,Cluster_Master!$B$4:$B$18,0)),"") -> Timur Terakopov | N71: =IFERROR(INDEX(Cluster_Master!$H$4:$H$18,MATCH($G71,Cluster_Master!$B$4:$B$18,0)),"") -> Amr Taha | O71: Javed | P71: KEO | Q71: General | S71: Excavation | T71: YES | U71: 3 | V71: 3.5 | W71: 3.5 | X71: 2.5 | Y71: 3 | Z71: 3.5 | AA71: 3 | AB71: 4 | AC71: 3 | AD71: 2 | AE71: 3 | AF71: 4 | AG71: 3.5 | AH71: 3 | AI71: 3.5 | AJ71: =IF(COUNTA(U71:AI71)=0,"",SUM(U71:AI71)) -> 48 | AK71: =IF(COUNTA(U71:AI71)=0,"",AJ71/75) -> 0.64 | AL71: =IF(COUNTA(U71:AI71)=0,"",(SUM(U71*KPI_Weights!$B$4,V71*KPI_Weights!$B$5,W71*KPI_Weights!$B$6,X71*KPI_Weights!$B$7,Y71*KPI_Weights!$B$8,Z71*KPI_Weights!$B$9,AA71*KPI_Weights!$B$10,AB71*KPI_Weights!$B$11,AC71*KPI_Weights!$B$12,AD71*KPI_Weights!$B$13,AE71*KPI_Weights!$B$14,AF71*KPI_Weights!$B$15,AG71*KPI_Weights!$B$16,AH71*KPI_Weights!$B$17,AI71*KPI_Weights!$B$18))/5) -> 0.628 | AM71: =IF(COUNTA(U71:AI71)=0,"",IF(OR(U71<=1,X71<=1,Y71<=1,Z71<=1,AC71<=1),"YES","NO")) -> NO | AN71: =IF(AK71="","",IF(AND(AM71="NO",AK71>=0.75),"YES","NO")) -> NO | AO71: =IF(AK71="","",IF(AK71<0.4,"Critical",IF(AK71<0.6,"Poor",IF(AK71<0.75,"Needs Improvement",IF(AK71<0.9,"Good","Excellent"))))) -> Needs Improvement | AP71: YES | AQ71: Poor supervision | AR71: Lack of inspection Lack of monitoring PTW implementation | AS71: Corrective and preventive action Communicated with action owners. Instructed Construction manager to allocate competent supervision | AT71: Always maintain the close competent supervsion. Permit to work shall be efficiently implemented | AV71: Construction Manager | AW71: 46137 | AX71: Asite Reff provided
A72: SIDPW-BW-KEO-ZZ-ZZ-XX-RP-HS-00230 | B72: 46134 | C72: =IF($B72="","",WEEKNUM($B72,2)) -> 17 | E72: =IF($B72="","",TEXT($B72,"yyyy-mm")) -> 2026-04 | F72: 4 | G72: Cluster 1B | H72: =IF(OR($F72="",$G72=""),"",IFERROR(IF($F72=INDEX(Cluster_Master!$A$4:$A$18,MATCH($G72,Cluster_Master!$B$4:$B$18,0)),"OK","CHECK"),"CHECK")) -> OK | I72: =IFERROR(INDEX(Cluster_Master!$C$4:$C$18,MATCH($G72,Cluster_Master!$B$4:$B$18,0)),"") -> TAJV | J72: =IFERROR(INDEX(Cluster_Master!$D$4:$D$18,MATCH($G72,Cluster_Master!$B$4:$B$18,0)),"") -> Hicham Adel Narch | K72: =IFERROR(INDEX(Cluster_Master!$E$4:$E$18,MATCH($G72,Cluster_Master!$B$4:$B$18,0)),"") -> Ghaidh Alfaour | L72: =IFERROR(INDEX(Cluster_Master!$F$4:$F$18,MATCH($G72,Cluster_Master!$B$4:$B$18,0)),"") -> Hossam Ali Maher | M72: =IFERROR(INDEX(Cluster_Master!$G$4:$G$18,MATCH($G72,Cluster_Master!$B$4:$B$18,0)),"") -> Timur Terakopov | N72: =IFERROR(INDEX(Cluster_Master!$H$4:$H$18,MATCH($G72,Cluster_Master!$B$4:$B$18,0)),"") -> Md Ramadan / Osama Said | O72: Javed | P72: KEO | Q72: General | S72: Excavation | T72: NO | U72: 3.5 | V72: 3.5 | W72: 2 | X72: 2 | Y72: 3.5 | Z72: 3 | AA72: 3 | AB72: 3 | AD72: 3.5 | AE72: 2.5 | AF72: 4 | AG72: 3.5 | AH72: 3 | AI72: 3 | AJ72: =IF(COUNTA(U72:AI72)=0,"",SUM(U72:AI72)) -> 43 | AK72: =IF(COUNTA(U72:AI72)=0,"",AJ72/75) -> 0.57333333 | AL72: =IF(COUNTA(U72:AI72)=0,"",(SUM(U72*KPI_Weights!$B$4,V72*KPI_Weights!$B$5,W72*KPI_Weights!$B$6,X72*KPI_Weights!$B$7,Y72*KPI_Weights!$B$8,Z72*KPI_Weights!$B$9,AA72*KPI_Weights!$B$10,AB72*KPI_Weights!$B$11,AC72*KPI_Weights!$B$12,AD72*KPI_Weights!$B$13,AE72*KPI_Weights!$B$14,AF72*KPI_Weights!$B$15,AG72*KPI_Weights!$B$16,AH72*KPI_Weights!$B$17,AI72*KPI_Weights!$B$18))/5) -> 0.562 | AM72: =IF(COUNTA(U72:AI72)=0,"",IF(OR(U72<=1,X72<=1,Y72<=1,Z72<=1,AC72<=1),"YES","NO")) -> YES | AN72: =IF(AK72="","",IF(AND(AM72="NO",AK72>=0.75),"YES","NO")) -> NO | AO72: =IF(AK72="","",IF(AK72<0.4,"Critical",IF(AK72<0.6,"Poor",IF(AK72<0.75,"Needs Improvement",IF(AK72<0.9,"Good","Excellent"))))) -> Poor | AP72: YES | AQ72: Poor supervision | AR72: Lack of inspection • Lack of monitoring • PTW implementation | AS72: Corrective and preventive action Communicated with action owners. Instructed Construction manager to allocate competent supervision | AT72: Excavation permit and MSRA requirements shall be implemented | AV72: Construction Manager | AW72: 46137 | AX72: A site reference provided
A73: SIDPW-BW-KEO-ZZ-ZZ-XX-RP-HS-00231 | B73: 46134 | C73: =IF($B73="","",WEEKNUM($B73,2)) -> 17 | E73: =IF($B73="","",TEXT($B73,"yyyy-mm")) -> 2026-04 | F73: 2 | G73: Cluster 8D | H73: =IF(OR($F73="",$G73=""),"",IFERROR(IF($F73=INDEX(Cluster_Master!$A$4:$A$18,MATCH($G73,Cluster_Master!$B$4:$B$18,0)),"OK","CHECK"),"CHECK")) -> OK | I73: =IFERROR(INDEX(Cluster_Master!$C$4:$C$18,MATCH($G73,Cluster_Master!$B$4:$B$18,0)),"") -> TAJV | J73: =IFERROR(INDEX(Cluster_Master!$D$4:$D$18,MATCH($G73,Cluster_Master!$B$4:$B$18,0)),"") -> Hicham Adel Narch | K73: =IFERROR(INDEX(Cluster_Master!$E$4:$E$18,MATCH($G73,Cluster_Master!$B$4:$B$18,0)),"") -> Ghaidh Alfaour | L73: =IFERROR(INDEX(Cluster_Master!$F$4:$F$18,MATCH($G73,Cluster_Master!$B$4:$B$18,0)),"") -> George Deeb | M73: =IFERROR(INDEX(Cluster_Master!$G$4:$G$18,MATCH($G73,Cluster_Master!$B$4:$B$18,0)),"") -> Timur | N73: =IFERROR(INDEX(Cluster_Master!$H$4:$H$18,MATCH($G73,Cluster_Master!$B$4:$B$18,0)),"") -> Ahmad Adel | O73: Abdel Monem | P73: KEO | Q73: General | S73: Edge Protection | T73: NO | U73: 3 | V73: 2.5 | W73: 2.5 | X73: N/A | Y73: 4 | Z73: 4 | AA73: 3 | AB73: 4 | AC73: N/A | AD73: 4 | AE73: 3.5 | AF73: 4 | AG73: 3 | AH73: 3 | AI73: 3 | AJ73: =IF(COUNTA(U73:AI73)=0,"",SUM(U73:AI73)) -> 43.5 | AK73: =IF(COUNTA(U73:AI73)=0,"",AJ73/75) -> 0.58 | AL73: =IF(COUNTA(U73:AI73)=0,"",(SUM(U73*KPI_Weights!$B$4,V73*KPI_Weights!$B$5,W73*KPI_Weights!$B$6,X73*KPI_Weights!$B$7,Y73*KPI_Weights!$B$8,Z73*KPI_Weights!$B$9,AA73*KPI_Weights!$B$10,AB73*KPI_Weights!$B$11,AC73*KPI_Weights!$B$12,AD73*KPI_Weights!$B$13,AE73*KPI_Weights!$B$14,AF73*KPI_Weights!$B$15,AG73*KPI_Weights!$B$16,AH73*KPI_Weights!$B$17,AI73*KPI_Weights!$B$18))/5) -> #VALUE! | AM73: =IF(COUNTA(U73:AI73)=0,"",IF(OR(U73<=1,X73<=1,Y73<=1,Z73<=1,AC73<=1),"YES","NO")) -> NO | AN73: =IF(AK73="","",IF(AND(AM73="NO",AK73>=0.75),"YES","NO")) -> NO | AO73: Need Improve | AP73: YES | AQ73: Poor supervision | AR73: Lack of inspection Inadequate Supervison | AS73: Corrective and preventive action Communicated with action owners. Instructed Construction manager to allocate competent supervision | AT73: Always maintain the close competent supervsion. Permit to work shall be efficiently implemented | AV73: Construciton manager | AW73: 46137 | AX73: A site reference provided
A74: SIDPW-BW-KEO-ZZ-ZZ-XX-RP-HS-00233 | B74: 46135 | C74: =IF($B74="","",WEEKNUM($B74,2)) -> 17 | E74: =IF($B74="","",TEXT($B74,"yyyy-mm")) -> 2026-04 | F74: 4 | G74: Cluster 1A | H74: =IF(OR($F74="",$G74=""),"",IFERROR(IF($F74=INDEX(Cluster_Master!$A$4:$A$18,MATCH($G74,Cluster_Master!$B$4:$B$18,0)),"OK","CHECK"),"CHECK")) -> OK | I74: =IFERROR(INDEX(Cluster_Master!$C$4:$C$18,MATCH($G74,Cluster_Master!$B$4:$B$18,0)),"") -> TAJV | J74: =IFERROR(INDEX(Cluster_Master!$D$4:$D$18,MATCH($G74,Cluster_Master!$B$4:$B$18,0)),"") -> Hicham Adel Narch | K74: =IFERROR(INDEX(Cluster_Master!$E$4:$E$18,MATCH($G74,Cluster_Master!$B$4:$B$18,0)),"") -> Ghaidh Alfaour | L74: =IFERROR(INDEX(Cluster_Master!$F$4:$F$18,MATCH($G74,Cluster_Master!$B$4:$B$18,0)),"") -> Alaa Hegab | M74: =IFERROR(INDEX(Cluster_Master!$G$4:$G$18,MATCH($G74,Cluster_Master!$B$4:$B$18,0)),"") -> Timur Terakopov | N74: =IFERROR(INDEX(Cluster_Master!$H$4:$H$18,MATCH($G74,Cluster_Master!$B$4:$B$18,0)),"") -> Amr Taha | O74: Godwin | P74: KEO | Q74: General | R74: We observed a clear evidence of failed lift associated with lifting and installation of pre-cast manhole. No clear evidcne whether the lifting point of manholes were part of the design. This was a near miss case that was not reported and investigated. | S74: Lifting Operations | T74: NO | U74: 3 | V74: 4 | W74: 4 | X74: 3 | Y74: 4 | Z74: 3 | AA74: 4 | AB74: 4 | AC74: 3 | AD74: 3 | AE74: 4 | AF74: 4 | AG74: 4 | AH74: 4 | AI74: 4 | AJ74: =IF(COUNTA(U74:AI74)=0,"",SUM(U74:AI74)) -> 55 | AK74: =IF(COUNTA(U74:AI74)=0,"",AJ74/75) -> 0.73333333 | AL74: =IF(COUNTA(U74:AI74)=0,"",(SUM(U74*KPI_Weights!$B$4,V74*KPI_Weights!$B$5,W74*KPI_Weights!$B$6,X74*KPI_Weights!$B$7,Y74*KPI_Weights!$B$8,Z74*KPI_Weights!$B$9,AA74*KPI_Weights!$B$10,AB74*KPI_Weights!$B$11,AC74*KPI_Weights!$B$12,AD74*KPI_Weights!$B$13,AE74*KPI_Weights!$B$14,AF74*KPI_Weights!$B$15,AG74*KPI_Weights!$B$16,AH74*KPI_Weights!$B$17,AI74*KPI_Weights!$B$18))/5) -> 0.712 | AM74: =IF(COUNTA(U74:AI74)=0,"",IF(OR(U74<=1,X74<=1,Y74<=1,Z74<=1,AC74<=1),"YES","NO")) -> NO | AN74: =IF(AK74="","",IF(AND(AM74="NO",AK74>=0.75),"YES","NO")) -> NO | AO74: =IF(AK74="","",IF(AK74<0.4,"Critical",IF(AK74<0.6,"Poor",IF(AK74<0.75,"Needs Improvement",IF(AK74<0.9,"Good","Excellent"))))) -> Needs Improvement | AP74: NO | AQ74: Other | AR74: Gap in design and planning | AS74: The CM and team were advised to suspend all manhole related lifting operation until pull test is completed. | AT74: 1. Conduct a pull test on pre-cast man-hole before proceeding with lifting. 2. Demonstrate safe lifting plan for man-hole installation with the PSC team. | AV74: Construction Manager | AW74: 46142 | AX74: A site reference provided
A75: SIDPW-BW-KEO-ZZ-ZZ-XX-RP-HS-00234 | B75: 46135 | C75: =IF($B75="","",WEEKNUM($B75,2)) -> 17 | E75: =IF($B75="","",TEXT($B75,"yyyy-mm")) -> 2026-04 | F75: 4 | G75: Cluster 2C | H75: =IF(OR($F75="",$G75=""),"",IFERROR(IF($F75=INDEX(Cluster_Master!$A$4:$A$18,MATCH($G75,Cluster_Master!$B$4:$B$18,0)),"OK","CHECK"),"CHECK")) -> OK | I75: =IFERROR(INDEX(Cluster_Master!$C$4:$C$18,MATCH($G75,Cluster_Master!$B$4:$B$18,0)),"") -> TAJV | J75: =IFERROR(INDEX(Cluster_Master!$D$4:$D$18,MATCH($G75,Cluster_Master!$B$4:$B$18,0)),"") -> Hicham Adel Narch | K75: =IFERROR(INDEX(Cluster_Master!$E$4:$E$18,MATCH($G75,Cluster_Master!$B$4:$B$18,0)),"") -> Ghaidh Alfaour | L75: =IFERROR(INDEX(Cluster_Master!$F$4:$F$18,MATCH($G75,Cluster_Master!$B$4:$B$18,0)),"") -> Ahmed Salah Hassan Dewidar | M75: =IFERROR(INDEX(Cluster_Master!$G$4:$G$18,MATCH($G75,Cluster_Master!$B$4:$B$18,0)),"") -> Timur Terakopov | N75: =IFERROR(INDEX(Cluster_Master!$H$4:$H$18,MATCH($G75,Cluster_Master!$B$4:$B$18,0)),"") -> Salah Nayef | O75: Godwin | P75: KEO | Q75: General | R75: PTW was issued without the names of the authorized persons, no date or time was mentioned, no detailed description of task was included. This permit for work at the rooftop had already been renewed for 4 days without completing basic verification and review of site conditions. When investigated, it was observed that the verifier from the HSE team was an inspector that was not approved for the project. The inspector does not know the requirements of PTW. | S75: Permit to Work | T75: YES | U75: 3 | V75: 3 | W75: 2 | X75: 2 | Y75: 3 | Z75: 2 | AA75: 2 | AB75: 4 | AC75: 3 | AD75: 3 | AE75: 2 | AF75: 4 | AG75: 3 | AH75: 2 | AI75: 3 | AJ75: =IF(COUNTA(U75:AI75)=0,"",SUM(U75:AI75)) -> 41 | AK75: =IF(COUNTA(U75:AI75)=0,"",AJ75/75) -> 0.54666667 | AL75: =IF(COUNTA(U75:AI75)=0,"",(SUM(U75*KPI_Weights!$B$4,V75*KPI_Weights!$B$5,W75*KPI_Weights!$B$6,X75*KPI_Weights!$B$7,Y75*KPI_Weights!$B$8,Z75*KPI_Weights!$B$9,AA75*KPI_Weights!$B$10,AB75*KPI_Weights!$B$11,AC75*KPI_Weights!$B$12,AD75*KPI_Weights!$B$13,AE75*KPI_Weights!$B$14,AF75*KPI_Weights!$B$15,AG75*KPI_Weights!$B$16,AH75*KPI_Weights!$B$17,AI75*KPI_Weights!$B$18))/5) -> 0.546 | AM75: =IF(COUNTA(U75:AI75)=0,"",IF(OR(U75<=1,X75<=1,Y75<=1,Z75<=1,AC75<=1),"YES","NO")) -> NO | AN75: =IF(AK75="","",IF(AND(AM75="NO",AK75>=0.75),"YES","NO")) -> NO | AO75: =IF(AK75="","",IF(AK75<0.4,"Critical",IF(AK75<0.6,"Poor",IF(AK75<0.75,"Needs Improvement",IF(AK75<0.9,"Good","Excellent"))))) -> Poor | AP75: YES | AQ75: PTW failure | AR75: 1. Permit to work failure 2. Lack of competence and OSH resources 3. Poor supervision 4. Poor subcontractor management | AS75: PTW was cancelled and workers moved out of unsafe location. | AT75: 1. PTW shall only be signed by trained and competent persons. 2. No HSE inspector shall be allowed to lead any team or verify any permit at site. 3. Monthyl lookahead program shall be communicated regularly with the HSE and PSC team.. 4. Weekly lookahead program shall be communicated regularly with the HSE and PSC team.. 5. Daily activity schedule shall be communicated regularly with the HSE and PSC team. 6. PTW shall be issued and verified at the workstation. | AV75: Construction Manager and HSE Manager | AW75: 46136 | AX75: A site reference provided
A76: SIDPW-BW-KEO-ZZ-ZZ-XX-RP-HS-00xxx | B76: 46135 | C76: =IF($B76="","",WEEKNUM($B76,2)) -> 17 | E76: =IF($B76="","",TEXT($B76,"yyyy-mm")) -> 2026-04 | F76: 4 | G76: Cluster 1B | H76: =IF(OR($F76="",$G76=""),"",IFERROR(IF($F76=INDEX(Cluster_Master!$A$4:$A$18,MATCH($G76,Cluster_Master!$B$4:$B$18,0)),"OK","CHECK"),"CHECK")) -> OK | I76: =IFERROR(INDEX(Cluster_Master!$C$4:$C$18,MATCH($G76,Cluster_Master!$B$4:$B$18,0)),"") -> TAJV | J76: =IFERROR(INDEX(Cluster_Master!$D$4:$D$18,MATCH($G76,Cluster_Master!$B$4:$B$18,0)),"") -> Hicham Adel Narch | K76: =IFERROR(INDEX(Cluster_Master!$E$4:$E$18,MATCH($G76,Cluster_Master!$B$4:$B$18,0)),"") -> Ghaidh Alfaour | L76: =IFERROR(INDEX(Cluster_Master!$F$4:$F$18,MATCH($G76,Cluster_Master!$B$4:$B$18,0)),"") -> Hossam Ali Maher | M76: =IFERROR(INDEX(Cluster_Master!$G$4:$G$18,MATCH($G76,Cluster_Master!$B$4:$B$18,0)),"") -> Timur Terakopov | N76: =IFERROR(INDEX(Cluster_Master!$H$4:$H$18,MATCH($G76,Cluster_Master!$B$4:$B$18,0)),"") -> Md Ramadan / Osama Said | O76: Godwin | P76: KEO | Q76: General | S76: Work at Height | T76: NO | U76: 3 | V76: 4 | W76: 4 | X76: 4 | Y76: 3 | Z76: 3 | AA76: 2 | AB76: 4 | AC76: 4 | AD76: 3 | AE76: 4 | AF76: 4 | AG76: 3 | AH76: 4 | AI76: 4 | AJ76: =IF(COUNTA(U76:AI76)=0,"",SUM(U76:AI76)) -> 53 | AK76: =IF(COUNTA(U76:AI76)=0,"",AJ76/75) -> 0.70666667 | AL76: =IF(COUNTA(U76:AI76)=0,"",(SUM(U76*KPI_Weights!$B$4,V76*KPI_Weights!$B$5,W76*KPI_Weights!$B$6,X76*KPI_Weights!$B$7,Y76*KPI_Weights!$B$8,Z76*KPI_Weights!$B$9,AA76*KPI_Weights!$B$10,AB76*KPI_Weights!$B$11,AC76*KPI_Weights!$B$12,AD76*KPI_Weights!$B$13,AE76*KPI_Weights!$B$14,AF76*KPI_Weights!$B$15,AG76*KPI_Weights!$B$16,AH76*KPI_Weights!$B$17,AI76*KPI_Weights!$B$18))/5) -> 0.694 | AM76: =IF(COUNTA(U76:AI76)=0,"",IF(OR(U76<=1,X76<=1,Y76<=1,Z76<=1,AC76<=1),"YES","NO")) -> NO | AN76: =IF(AK76="","",IF(AND(AM76="NO",AK76>=0.75),"YES","NO")) -> NO | AO76: =IF(AK76="","",IF(AK76<0.4,"Critical",IF(AK76<0.6,"Poor",IF(AK76<0.75,"Needs Improvement",IF(AK76<0.9,"Good","Excellent"))))) -> Needs Improvement | AP76: YES | AQ76: PTW failure | AR76: PTW failure Poor supervision | AS76: All unsfe works were stopped and the construction team were engaged at the workstation and provided guidance. | AT76: 1. PTW shall only be signed by trained and competent persons. 2. No HSE inspector shall be allowed to lead any team or verify any permit at site. 3. Monthy lookahead program shall be communicated regularly with the HSE and PSC team.. 4. Weekly lookahead program shall be communicated regularly with the HSE and PSC team.. 5. Daily activity schedule shall be communicated regularly with the HSE and PSC team. 6. PTW shall be issued and verified at the workstation. | AV76: Construction Manager and HSE Manager | AW76: 46136 | AX76: A site reference provided
A77: SIDPW-BW-KEO-ZZ-ZZ-XX-RP-HS-00232 | B77: 46135 | C77: =IF($B77="","",WEEKNUM($B77,2)) -> 17 | E77: =IF($B77="","",TEXT($B77,"yyyy-mm")) -> 2026-04 | F77: 2 | G77: Cluster 8B | H77: =IF(OR($F77="",$G77=""),"",IFERROR(IF($F77=INDEX(Cluster_Master!$A$4:$A$18,MATCH($G77,Cluster_Master!$B$4:$B$18,0)),"OK","CHECK"),"CHECK")) -> OK | I77: =IFERROR(INDEX(Cluster_Master!$C$4:$C$18,MATCH($G77,Cluster_Master!$B$4:$B$18,0)),"") -> TAJV | J77: =IFERROR(INDEX(Cluster_Master!$D$4:$D$18,MATCH($G77,Cluster_Master!$B$4:$B$18,0)),"") -> Hicham Adel Narch | K77: =IFERROR(INDEX(Cluster_Master!$E$4:$E$18,MATCH($G77,Cluster_Master!$B$4:$B$18,0)),"") -> Ghaidh Alfaour | L77: =IFERROR(INDEX(Cluster_Master!$F$4:$F$18,MATCH($G77,Cluster_Master!$B$4:$B$18,0)),"") -> Mohamed Salama | M77: =IFERROR(INDEX(Cluster_Master!$G$4:$G$18,MATCH($G77,Cluster_Master!$B$4:$B$18,0)),"") -> Timur | N77: =IFERROR(INDEX(Cluster_Master!$H$4:$H$18,MATCH($G77,Cluster_Master!$B$4:$B$18,0)),"") -> Ahmad Adel | O77: Jackson | P77: KEO | Q77: Villa 141 to 138 | S77: Edge Protection | T77: YES | U77: 3 | V77: 2.5 | W77: 3 | X77: 2 | Y77: 3.5 | Z77: 3 | AA77: 3.5 | AB77: 4 | AC77: 4 | AD77: 4 | AE77: 3.5 | AF77: 4 | AG77: 3 | AH77: 3.5 | AI77: 4 | AJ77: =IF(COUNTA(U77:AI77)=0,"",SUM(U77:AI77)) -> 50.5 | AK77: =IF(COUNTA(U77:AI77)=0,"",AJ77/75) -> 0.67333333 | AL77: =IF(COUNTA(U77:AI77)=0,"",(SUM(U77*KPI_Weights!$B$4,V77*KPI_Weights!$B$5,W77*KPI_Weights!$B$6,X77*KPI_Weights!$B$7,Y77*KPI_Weights!$B$8,Z77*KPI_Weights!$B$9,AA77*KPI_Weights!$B$10,AB77*KPI_Weights!$B$11,AC77*KPI_Weights!$B$12,AD77*KPI_Weights!$B$13,AE77*KPI_Weights!$B$14,AF77*KPI_Weights!$B$15,AG77*KPI_Weights!$B$16,AH77*KPI_Weights!$B$17,AI77*KPI_Weights!$B$18))/5) -> 0.65 | AM77: =IF(COUNTA(U77:AI77)=0,"",IF(OR(U77<=1,X77<=1,Y77<=1,Z77<=1,AC77<=1),"YES","NO")) -> NO | AN77: =IF(AK77="","",IF(AND(AM77="NO",AK77>=0.75),"YES","NO")) -> NO | AO77: =IF(AK77="","",IF(AK77<0.4,"Critical",IF(AK77<0.6,"Poor",IF(AK77<0.75,"Needs Improvement",IF(AK77<0.9,"Good","Excellent"))))) -> Needs Improvement | AP77: YES | AQ77: Poor supervision | AR77: PTW Failure Lack of Supervision No MSRA Implementation | AS77: construction team were engaged at the workstation and provided guidance. | AT77: Edge protection shall be reinstated and regularly inspected. work shall be commneced after fullfillment of PTW Requirements. Robust OSH Surveillance shall be provided | AV77: Construction manager HSE Manager | AW77: 46139 | AX77: A site reference provided
A78: SIPPW-BW-KEO-ZZ-ZZ-XX-RP-HS-00232 | B78: 46135 | C78: =IF($B78="","",WEEKNUM($B78,2)) -> 17 | E78: =IF($B78="","",TEXT($B78,"yyyy-mm")) -> 2026-04 | F78: 2 | G78: Cluster 8D | H78: =IF(OR($F78="",$G78=""),"",IFERROR(IF($F78=INDEX(Cluster_Master!$A$4:$A$18,MATCH($G78,Cluster_Master!$B$4:$B$18,0)),"OK","CHECK"),"CHECK")) -> OK | I78: =IFERROR(INDEX(Cluster_Master!$C$4:$C$18,MATCH($G78,Cluster_Master!$B$4:$B$18,0)),"") -> TAJV | J78: =IFERROR(INDEX(Cluster_Master!$D$4:$D$18,MATCH($G78,Cluster_Master!$B$4:$B$18,0)),"") -> Hicham Adel Narch | K78: =IFERROR(INDEX(Cluster_Master!$E$4:$E$18,MATCH($G78,Cluster_Master!$B$4:$B$18,0)),"") -> Ghaidh Alfaour | L78: =IFERROR(INDEX(Cluster_Master!$F$4:$F$18,MATCH($G78,Cluster_Master!$B$4:$B$18,0)),"") -> George Deeb | M78: =IFERROR(INDEX(Cluster_Master!$G$4:$G$18,MATCH($G78,Cluster_Master!$B$4:$B$18,0)),"") -> Timur | N78: =IFERROR(INDEX(Cluster_Master!$H$4:$H$18,MATCH($G78,Cluster_Master!$B$4:$B$18,0)),"") -> Ahmad Adel | O78: Jackson | P78: KEO | Q78: General | S78: Falling Objects | T78: NO | U78: 4 | V78: 4 | W78: 3.5 | X78: 4 | Y78: 4 | Z78: 3.5 | AA78: 4 | AB78: 4 | AC78: 4 | AD78: 3 | AE78: 4 | AF78: 4 | AG78: 3 | AH78: 4 | AI78: 4 | AJ78: =IF(COUNTA(U78:AI78)=0,"",SUM(U78:AI78)) -> 57 | AK78: =IF(COUNTA(U78:AI78)=0,"",AJ78/75) -> 0.76 | AL78: =IF(COUNTA(U78:AI78)=0,"",(SUM(U78*KPI_Weights!$B$4,V78*KPI_Weights!$B$5,W78*KPI_Weights!$B$6,X78*KPI_Weights!$B$7,Y78*KPI_Weights!$B$8,Z78*KPI_Weights!$B$9,AA78*KPI_Weights!$B$10,AB78*KPI_Weights!$B$11,AC78*KPI_Weights!$B$12,AD78*KPI_Weights!$B$13,AE78*KPI_Weights!$B$14,AF78*KPI_Weights!$B$15,AG78*KPI_Weights!$B$16,AH78*KPI_Weights!$B$17,AI78*KPI_Weights!$B$18))/5) -> 0.765 | AM78: =IF(COUNTA(U78:AI78)=0,"",IF(OR(U78<=1,X78<=1,Y78<=1,Z78<=1,AC78<=1),"YES","NO")) -> NO | AN78: =IF(AK78="","",IF(AND(AM78="NO",AK78>=0.75),"YES","NO")) -> YES | AO78: =IF(AK78="","",IF(AK78<0.4,"Critical",IF(AK78<0.6,"Poor",IF(AK78<0.75,"Needs Improvement",IF(AK78<0.9,"Good","Excellent"))))) -> Good | AP78: YES | AQ78: Resource constraint | AR78: Lack of inspection Lack of monitoring PTW implementation | AS78: Instructed supervision team to provide toe boards on all leading edges | AT78: Leading edges shall be protetcted always with adequate edge protection system including toe boards. | AV78: Construction manager HSE Manager | AW78: 46139 | AX78: A site reference provided
